username,firm,country_code,certification,specialization,years_experience,clients_portfolio_size,followers
auditor_0000,Global Assurance,DK,CIA,Financial Audit,10,16,171
auditor_0001,Trust and Co,SE,CIA,Sustainability,15,15,101
auditor_0002,Global Assurance,IT,ACCA,Financial Audit,15,25,82
auditor_0003,Prime Advisory,FI,CPA,Financial Audit,10,13,82
auditor_0004,Prime Advisory,ES,ACCA,Financial Audit,9,1,0
auditor_0005,Integrity Audit,DK,CISA,Financial Audit,5,7,145
auditor_0006,Seaside Audit,NL,State Authorised,Financial Audit,3,3,237
auditor_0007,Capital Assurance,SE,State Authorised,Financial Audit,6,18,6
auditor_0008,Capital Assurance,IT,State Authorised,Financial Audit,5,19,27
auditor_0009,North Continental,ES,State Authorised,Sustainability,9,11,96
auditor_0010,Global Assurance,ES,State Authorised,IT Audit,4,36,118
auditor_0011,Capital Assurance,IT,State Authorised,Financial Audit,2,26,22
auditor_0012,Prime Advisory,DE,None,Sustainability,9,1,13
auditor_0013,Global Assurance,GB,State Authorised,Forensics,8,25,133
auditor_0014,Capital Assurance,NO,ACCA,Financial Audit,7,14,1
auditor_0015,Integrity Audit,SE,CPA,Financial Audit,4,13,204
auditor_0016,Prime Advisory,NO,ACCA,Financial Audit,9,1,145
auditor_0017,Atlas Audit,FI,CIA,Tax,6,11,168
auditor_0018,Nordic Audit Partners,FI,CISA,Tax,13,27,52
auditor_0019,Seaside Audit,DE,State Authorised,Sustainability,6,21,198
auditor_0020,Copenhagen Review,NL,State Authorised,IT Audit,5,16,31
auditor_0021,North Continental,NO,State Authorised,Financial Audit,2,26,228
auditor_0022,Atlas Audit,ES,State Authorised,IT Audit,7,28,148
auditor_0023,Copenhagen Review,GB,ACCA,Internal Control,4,21,243
auditor_0024,Trust and Co,ES,ACCA,Tax,7,33,0
auditor_0025,Global Assurance,NO,CPA,Tax,12,18,96
auditor_0026,Seaside Audit,IT,State Authorised,Financial Audit,8,1,102
auditor_0027,North Continental,ES,State Authorised,IT Audit,9,32,78
auditor_0028,Nordic Audit Partners,SE,CIA,IT Audit,3,12,193
auditor_0029,Integrity Audit,NL,State Authorised,Financial Audit,9,12,161
auditor_0030,North Continental,DK,None,Sustainability,8,27,63
auditor_0031,Integrity Audit,ES,CISA,IT Audit,6,14,2
auditor_0032,Global Assurance,DE,CISA,IT Audit,9,20,120
auditor_0033,Prime Advisory,NO,ACCA,Financial Audit,6,3,86
auditor_0034,Atlas Audit,DK,CPA,IT Audit,6,9,107
auditor_0035,Global Assurance,NL,None,Tax,10,36,133
auditor_0036,Integrity Audit,FI,State Authorised,Sustainability,9,17,0
auditor_0037,Global Assurance,SE,CIA,Tax,7,18,317
auditor_0038,Atlas Audit,NO,State Authorised,IT Audit,7,21,117
auditor_0039,Atlas Audit,NO,State Authorised,Sustainability,2,29,180
auditor_0040,Seaside Audit,FI,None,Tax,11,8,232
auditor_0041,Prime Advisory,DE,ACCA,Forensics,0,23,295
auditor_0042,Capital Assurance,FR,None,IT Audit,3,12,127
auditor_0043,Prime Advisory,FI,State Authorised,Financial Audit,5,2,125
auditor_0044,Atlas Audit,FI,CPA,Financial Audit,2,22,46
auditor_0045,Nordic Audit Partners,FI,State Authorised,Financial Audit,15,10,94
auditor_0046,Capital Assurance,SE,CPA,Financial Audit,12,5,138
auditor_0047,North Continental,FI,CPA,Tax,14,1,134
auditor_0048,Copenhagen Review,IT,ACCA,Tax,9,25,21
auditor_0049,Seaside Audit,FI,State Authorised,Forensics,1,23,143
auditor_0050,Capital Assurance,GB,ACCA,Sustainability,9,21,65
auditor_0051,Nordic Audit Partners,SE,State Authorised,Tax,9,20,62
auditor_0052,Global Assurance,FI,State Authorised,IT Audit,17,22,24
auditor_0053,Trust and Co,GB,State Authorised,IT Audit,11,8,182
auditor_0054,Global Assurance,FR,CISA,Sustainability,13,9,197
auditor_0055,Global Assurance,DK,CIA,IT Audit,10,26,271
auditor_0056,Nordic Audit Partners,SE,None,Tax,6,10,48
auditor_0057,Trust and Co,GB,ACCA,Financial Audit,3,17,147
auditor_0058,Seaside Audit,DK,State Authorised,Financial Audit,9,26,121
auditor_0059,Seaside Audit,DE,None,Tax,15,15,337
auditor_0060,Integrity Audit,GB,CIA,Tax,11,9,34
auditor_0061,Atlas Audit,FR,State Authorised,Financial Audit,10,15,177
auditor_0062,Nordic Audit Partners,IT,CIA,Financial Audit,10,17,52
auditor_0063,Capital Assurance,DK,State Authorised,IT Audit,0,13,188
auditor_0064,Atlas Audit,NO,State Authorised,IT Audit,9,5,133
auditor_0065,Trust and Co,SE,CPA,Forensics,9,9,132
auditor_0066,Prime Advisory,GB,State Authorised,Sustainability,8,6,148
auditor_0067,Prime Advisory,IT,CPA,IT Audit,10,28,204
auditor_0068,Seaside Audit,IT,CPA,Financial Audit,1,8,161
auditor_0069,Integrity Audit,FI,CIA,Financial Audit,10,23,428
auditor_0070,Integrity Audit,GB,State Authorised,Forensics,10,29,196
auditor_0071,North Continental,NL,None,Internal Control,11,14,180
auditor_0072,Nordic Audit Partners,FR,CPA,IT Audit,4,15,81
auditor_0073,Global Assurance,SE,CPA,IT Audit,8,41,0
auditor_0074,Trust and Co,NL,None,Sustainability,11,1,82
auditor_0075,Capital Assurance,DE,State Authorised,Tax,13,18,33
auditor_0076,Integrity Audit,IT,None,Tax,4,24,61
auditor_0077,Atlas Audit,DK,CIA,IT Audit,9,18,67
auditor_0078,Global Assurance,NO,State Authorised,Sustainability,18,24,0
auditor_0079,Atlas Audit,NO,State Authorised,IT Audit,8,11,188
auditor_0080,Capital Assurance,FI,CIA,Sustainability,4,16,160
auditor_0081,Atlas Audit,FR,State Authorised,Sustainability,12,5,93
auditor_0082,Nordic Audit Partners,SE,CPA,Tax,5,11,261
auditor_0083,Nordic Audit Partners,DK,State Authorised,Financial Audit,10,5,193
auditor_0084,Integrity Audit,NO,CIA,IT Audit,18,28,0
auditor_0085,Seaside Audit,ES,State Authorised,Financial Audit,5,30,63
auditor_0086,Trust and Co,ES,State Authorised,Financial Audit,10,25,45
auditor_0087,Atlas Audit,NO,ACCA,Financial Audit,7,1,38
auditor_0088,Capital Assurance,DK,None,Financial Audit,6,5,250
auditor_0089,Prime Advisory,SE,ACCA,IT Audit,0,13,130
auditor_0090,Seaside Audit,IT,CIA,Sustainability,15,3,213
auditor_0091,Prime Advisory,NO,None,Tax,8,8,156
auditor_0092,Seaside Audit,DK,State Authorised,Sustainability,8,11,125
auditor_0093,Seaside Audit,FI,State Authorised,Tax,6,19,172
auditor_0094,Global Assurance,GB,None,Sustainability,15,5,290
auditor_0095,Prime Advisory,FI,CISA,IT Audit,0,16,167
auditor_0096,Integrity Audit,FI,State Authorised,Forensics,9,11,103
auditor_0097,Seaside Audit,NL,State Authorised,Financial Audit,5,12,187
auditor_0098,Integrity Audit,NL,CPA,Financial Audit,9,11,191
auditor_0099,Atlas Audit,NL,None,Financial Audit,9,26,170
auditor_0100,Integrity Audit,NO,CPA,Internal Control,3,12,179
auditor_0101,Nordic Audit Partners,SE,CPA,Financial Audit,11,17,129
auditor_0102,Capital Assurance,GB,CPA,IT Audit,14,12,163
auditor_0103,Seaside Audit,IT,State Authorised,Financial Audit,6,15,207
auditor_0104,Seaside Audit,DK,CPA,Tax,12,26,224
auditor_0105,Prime Advisory,NL,ACCA,Internal Control,8,24,95
auditor_0106,Capital Assurance,IT,State Authorised,Tax,9,16,127
auditor_0107,Integrity Audit,ES,State Authorised,Financial Audit,10,9,287
auditor_0108,Seaside Audit,DE,CPA,Financial Audit,2,5,212
auditor_0109,Seaside Audit,NO,CPA,Financial Audit,11,24,170
auditor_0110,Atlas Audit,DK,State Authorised,Financial Audit,7,9,126
auditor_0111,Copenhagen Review,IT,CIA,IT Audit,4,27,108
auditor_0112,North Continental,FI,CPA,Tax,3,14,153
auditor_0113,Trust and Co,SE,State Authorised,Forensics,5,9,139
auditor_0114,Copenhagen Review,NL,State Authorised,Internal Control,9,12,82
auditor_0115,Prime Advisory,DE,State Authorised,Financial Audit,9,3,7
auditor_0116,Nordic Audit Partners,DK,State Authorised,IT Audit,4,15,144
auditor_0117,Global Assurance,FR,ACCA,IT Audit,15,26,107
auditor_0118,Prime Advisory,GB,ACCA,Financial Audit,7,7,118
auditor_0119,Nordic Audit Partners,SE,CISA,Financial Audit,6,21,53
auditor_0120,Atlas Audit,FR,State Authorised,Financial Audit,10,33,111
auditor_0121,Global Assurance,FR,State Authorised,IT Audit,10,24,87
auditor_0122,Atlas Audit,ES,CPA,Internal Control,9,18,127
auditor_0123,North Continental,IT,CISA,Sustainability,4,18,159
auditor_0124,Seaside Audit,ES,ACCA,Financial Audit,15,27,292
auditor_0125,North Continental,FR,State Authorised,Financial Audit,4,26,134
auditor_0126,Integrity Audit,ES,ACCA,Financial Audit,18,9,52
auditor_0127,North Continental,SE,CIA,Financial Audit,5,1,77
auditor_0128,Capital Assurance,NL,None,Financial Audit,4,19,147
auditor_0129,Trust and Co,FI,ACCA,Financial Audit,17,27,73
auditor_0130,Prime Advisory,SE,ACCA,Financial Audit,3,22,14
auditor_0131,North Continental,GB,State Authorised,Tax,17,29,82
auditor_0132,Seaside Audit,IT,None,Financial Audit,0,31,110
auditor_0133,Copenhagen Review,GB,ACCA,Internal Control,14,2,72
auditor_0134,Integrity Audit,GB,None,Internal Control,8,18,83
auditor_0135,Seaside Audit,ES,CIA,IT Audit,11,7,108
auditor_0136,Copenhagen Review,FI,ACCA,Financial Audit,8,23,176
auditor_0137,North Continental,DK,ACCA,Forensics,2,2,222
auditor_0138,Seaside Audit,NO,CISA,Sustainability,9,10,244
auditor_0139,Copenhagen Review,ES,State Authorised,Financial Audit,8,29,125
auditor_0140,Copenhagen Review,DK,State Authorised,Financial Audit,18,35,100
auditor_0141,North Continental,NO,State Authorised,Financial Audit,12,24,229
auditor_0142,Prime Advisory,FR,State Authorised,Tax,3,24,204
auditor_0143,Seaside Audit,DE,CISA,Tax,0,6,0
auditor_0144,Integrity Audit,SE,ACCA,Tax,6,25,240
auditor_0145,Nordic Audit Partners,NL,State Authorised,Financial Audit,8,34,9
auditor_0146,Nordic Audit Partners,DK,None,Financial Audit,0,17,150
auditor_0147,Nordic Audit Partners,IT,State Authorised,Financial Audit,7,1,112
auditor_0148,Global Assurance,IT,None,IT Audit,1,24,149
auditor_0149,Integrity Audit,NL,State Authorised,IT Audit,3,12,35
auditor_0150,Global Assurance,NO,None,Financial Audit,7,27,41
auditor_0151,Nordic Audit Partners,DE,CPA,Sustainability,10,12,56
auditor_0152,Seaside Audit,GB,None,Financial Audit,7,7,75
auditor_0153,Copenhagen Review,FI,State Authorised,Tax,2,37,122
auditor_0154,Copenhagen Review,SE,CISA,IT Audit,4,20,111
auditor_0155,Nordic Audit Partners,NL,CPA,Forensics,6,24,180
auditor_0156,Global Assurance,ES,CPA,Financial Audit,5,12,97
auditor_0157,Seaside Audit,FR,State Authorised,Internal Control,0,2,229
auditor_0158,North Continental,NO,ACCA,Tax,16,15,166
auditor_0159,Integrity Audit,IT,CISA,IT Audit,9,48,209
auditor_0160,North Continental,FR,ACCA,Tax,7,8,0
auditor_0161,Integrity Audit,NL,None,Tax,9,10,6
auditor_0162,Global Assurance,DE,None,Financial Audit,4,7,254
auditor_0163,North Continental,IT,CPA,Financial Audit,12,17,238
auditor_0164,Nordic Audit Partners,FR,None,Financial Audit,8,9,241
auditor_0165,Prime Advisory,NL,CISA,Financial Audit,10,7,104
auditor_0166,Copenhagen Review,DE,CPA,IT Audit,3,4,194
auditor_0167,Prime Advisory,SE,State Authorised,Financial Audit,17,4,165
auditor_0168,Atlas Audit,FI,CIA,Forensics,4,13,72
auditor_0169,North Continental,FR,CISA,Financial Audit,3,18,53
auditor_0170,Prime Advisory,GB,CIA,Financial Audit,9,17,100
auditor_0171,Copenhagen Review,NL,ACCA,IT Audit,3,12,180
auditor_0172,Seaside Audit,ES,State Authorised,Forensics,10,8,127
auditor_0173,Integrity Audit,DE,State Authorised,Financial Audit,11,1,163
auditor_0174,Prime Advisory,NL,State Authorised,IT Audit,4,23,58
auditor_0175,Trust and Co,FI,State Authorised,IT Audit,0,1,123
auditor_0176,Copenhagen Review,ES,CPA,Internal Control,9,8,171
auditor_0177,Prime Advisory,DE,State Authorised,Financial Audit,0,17,23
auditor_0178,Nordic Audit Partners,ES,State Authorised,Financial Audit,4,18,51
auditor_0179,Nordic Audit Partners,ES,State Authorised,Internal Control,6,28,73
auditor_0180,North Continental,SE,None,IT Audit,12,6,162
auditor_0181,North Continental,FR,ACCA,Financial Audit,15,1,56
auditor_0182,Nordic Audit Partners,DE,None,IT Audit,10,15,149
auditor_0183,Global Assurance,GB,ACCA,IT Audit,4,18,107
auditor_0184,Nordic Audit Partners,NO,State Authorised,IT Audit,13,20,147
auditor_0185,Integrity Audit,SE,None,Financial Audit,5,13,85
auditor_0186,Seaside Audit,IT,CPA,IT Audit,9,13,143
auditor_0187,Atlas Audit,GB,ACCA,Financial Audit,18,26,93
auditor_0188,Copenhagen Review,GB,State Authorised,IT Audit,14,13,0
auditor_0189,Copenhagen Review,SE,None,Financial Audit,2,1,91
auditor_0190,Prime Advisory,DE,CIA,Financial Audit,8,34,146
auditor_0191,Trust and Co,ES,State Authorised,Financial Audit,6,26,0
auditor_0192,North Continental,IT,ACCA,Financial Audit,9,25,1
auditor_0193,Integrity Audit,DE,CIA,IT Audit,13,21,86
auditor_0194,Prime Advisory,DE,CISA,IT Audit,11,40,134
auditor_0195,Prime Advisory,GB,State Authorised,Financial Audit,9,13,52
auditor_0196,Trust and Co,DE,CISA,Financial Audit,12,9,125
auditor_0197,Trust and Co,DE,CPA,Tax,5,22,146
auditor_0198,Integrity Audit,FR,State Authorised,Forensics,13,12,98
auditor_0199,Seaside Audit,DE,CPA,IT Audit,3,13,150
auditor_0200,Global Assurance,IT,State Authorised,Financial Audit,11,8,189
auditor_0201,Capital Assurance,IT,State Authorised,Financial Audit,14,22,270
auditor_0202,Copenhagen Review,IT,None,Internal Control,4,5,0
auditor_0203,Integrity Audit,IT,State Authorised,Tax,15,24,115
auditor_0204,North Continental,ES,CIA,Sustainability,9,6,315
auditor_0205,Trust and Co,IT,ACCA,Tax,8,19,178
auditor_0206,Global Assurance,FR,State Authorised,Financial Audit,10,20,56
auditor_0207,Global Assurance,NO,State Authorised,Forensics,10,36,227
auditor_0208,Integrity Audit,GB,CISA,IT Audit,15,12,40
auditor_0209,North Continental,SE,State Authorised,Financial Audit,7,18,207
auditor_0210,Seaside Audit,ES,CISA,Financial Audit,0,33,107
auditor_0211,Atlas Audit,FR,ACCA,Financial Audit,5,7,0
auditor_0212,Capital Assurance,IT,CISA,IT Audit,12,18,16
auditor_0213,Nordic Audit Partners,FI,State Authorised,Financial Audit,1,14,253
auditor_0214,Integrity Audit,FR,None,IT Audit,6,2,100
auditor_0215,Nordic Audit Partners,IT,CISA,Forensics,6,1,115
auditor_0216,Integrity Audit,ES,State Authorised,Financial Audit,6,24,267
auditor_0217,Prime Advisory,SE,ACCA,Financial Audit,13,15,31
auditor_0218,Trust and Co,FR,None,Financial Audit,20,18,121
auditor_0219,Integrity Audit,GB,CISA,Internal Control,7,19,108
auditor_0220,Prime Advisory,FR,CPA,Financial Audit,5,12,117
auditor_0221,Copenhagen Review,ES,CIA,Financial Audit,5,10,128
auditor_0222,Global Assurance,DE,CISA,Sustainability,6,33,0
auditor_0223,Capital Assurance,ES,State Authorised,Financial Audit,13,30,0
auditor_0224,Integrity Audit,IT,CPA,Forensics,6,14,7
auditor_0225,Trust and Co,FR,CPA,Financial Audit,4,6,260
auditor_0226,Atlas Audit,ES,ACCA,Internal Control,12,30,177
auditor_0227,Prime Advisory,FI,CPA,Financial Audit,2,12,159
auditor_0228,Seaside Audit,DK,State Authorised,IT Audit,1,25,100
auditor_0229,Seaside Audit,GB,None,Tax,6,25,155
auditor_0230,Trust and Co,FR,None,Financial Audit,6,29,33
auditor_0231,Copenhagen Review,NL,None,Sustainability,11,23,95
auditor_0232,North Continental,SE,CPA,IT Audit,9,5,193
auditor_0233,Trust and Co,GB,None,Internal Control,7,12,203
auditor_0234,Global Assurance,FR,CISA,Financial Audit,4,3,0
auditor_0235,Copenhagen Review,GB,CPA,Sustainability,11,5,260
auditor_0236,Atlas Audit,GB,None,IT Audit,0,34,136
auditor_0237,North Continental,ES,State Authorised,Financial Audit,7,12,151
auditor_0238,Integrity Audit,FI,CIA,Financial Audit,7,29,129
auditor_0239,Global Assurance,SE,ACCA,Forensics,8,14,115
auditor_0240,Nordic Audit Partners,DK,State Authorised,Financial Audit,9,1,12
auditor_0241,Capital Assurance,NL,ACCA,Financial Audit,11,19,105
auditor_0242,Seaside Audit,IT,CIA,Financial Audit,8,21,76
auditor_0243,Trust and Co,SE,CPA,Financial Audit,4,19,41
auditor_0244,Prime Advisory,FR,None,Financial Audit,10,1,202
auditor_0245,North Continental,DE,ACCA,Forensics,10,20,198
auditor_0246,North Continental,DE,CIA,Financial Audit,16,28,0
auditor_0247,North Continental,NL,None,Financial Audit,1,11,122
auditor_0248,Seaside Audit,DE,ACCA,Financial Audit,10,10,134
auditor_0249,Seaside Audit,FR,State Authorised,Financial Audit,4,11,7
auditor_0250,Capital Assurance,IT,State Authorised,Forensics,3,4,41
auditor_0251,Nordic Audit Partners,GB,State Authorised,IT Audit,13,8,330
auditor_0252,Nordic Audit Partners,IT,CIA,Tax,10,19,51
auditor_0253,Integrity Audit,FI,CPA,Financial Audit,11,12,129
auditor_0254,Prime Advisory,IT,State Authorised,Tax,20,17,211
auditor_0255,Trust and Co,SE,None,Forensics,4,17,261
auditor_0256,Integrity Audit,FR,State Authorised,Financial Audit,4,36,176
auditor_0257,Trust and Co,SE,None,Financial Audit,5,24,197
auditor_0258,Seaside Audit,NO,State Authorised,Tax,11,2,61
auditor_0259,Capital Assurance,ES,CPA,Financial Audit,6,17,169
auditor_0260,Trust and Co,DE,None,Internal Control,8,4,150
auditor_0261,Integrity Audit,NL,CISA,IT Audit,11,23,206
auditor_0262,Global Assurance,NO,CISA,Financial Audit,12,22,114
auditor_0263,Seaside Audit,ES,ACCA,Tax,0,22,136
auditor_0264,Nordic Audit Partners,DE,CPA,IT Audit,9,5,33
auditor_0265,Integrity Audit,IT,ACCA,Forensics,13,17,174
auditor_0266,Capital Assurance,SE,CIA,IT Audit,8,18,195
auditor_0267,Copenhagen Review,ES,State Authorised,IT Audit,5,18,83
auditor_0268,Global Assurance,FR,None,Financial Audit,5,14,137
auditor_0269,Seaside Audit,SE,State Authorised,Internal Control,5,30,48
auditor_0270,Integrity Audit,FR,State Authorised,Financial Audit,7,13,235
auditor_0271,Atlas Audit,NO,ACCA,Financial Audit,8,28,1
auditor_0272,Atlas Audit,GB,CPA,Tax,9,26,126
auditor_0273,Seaside Audit,SE,CISA,IT Audit,13,12,232
auditor_0274,Integrity Audit,DK,CIA,Financial Audit,19,14,84
auditor_0275,North Continental,FI,None,Financial Audit,15,33,78
auditor_0276,Capital Assurance,ES,None,Forensics,5,15,12
auditor_0277,Nordic Audit Partners,GB,State Authorised,Internal Control,3,7,58
auditor_0278,North Continental,SE,CIA,Forensics,7,20,244
auditor_0279,Copenhagen Review,DK,State Authorised,Financial Audit,3,27,102
auditor_0280,Trust and Co,IT,State Authorised,Tax,7,24,30
auditor_0281,Atlas Audit,FI,CPA,Tax,9,19,159
auditor_0282,Prime Advisory,NL,CISA,Tax,9,42,68
auditor_0283,Copenhagen Review,DK,State Authorised,Internal Control,5,11,75
auditor_0284,Trust and Co,ES,State Authorised,Financial Audit,4,29,233
auditor_0285,Nordic Audit Partners,NO,State Authorised,Tax,5,9,157
auditor_0286,Prime Advisory,IT,State Authorised,Financial Audit,5,24,136
auditor_0287,Nordic Audit Partners,NO,CIA,IT Audit,0,33,263
auditor_0288,Global Assurance,FR,ACCA,Financial Audit,4,14,142
auditor_0289,Copenhagen Review,SE,ACCA,Financial Audit,9,24,280
auditor_0290,Copenhagen Review,DK,CIA,Sustainability,7,10,9
auditor_0291,Atlas Audit,DE,ACCA,Internal Control,4,17,263
auditor_0292,Nordic Audit Partners,FR,CISA,Financial Audit,5,20,118
auditor_0293,Global Assurance,FR,CIA,Financial Audit,13,43,77
auditor_0294,Global Assurance,NL,CPA,Financial Audit,5,28,174
auditor_0295,Integrity Audit,IT,CPA,IT Audit,17,23,91
auditor_0296,Capital Assurance,GB,None,IT Audit,10,29,185
auditor_0297,North Continental,ES,CPA,Financial Audit,10,28,213
auditor_0298,Global Assurance,ES,CIA,Financial Audit,14,24,106
auditor_0299,North Continental,FI,ACCA,Tax,8,30,54
auditor_0300,Seaside Audit,GB,CIA,Financial Audit,9,14,122
auditor_0301,Capital Assurance,DE,ACCA,Financial Audit,14,19,123
auditor_0302,North Continental,SE,State Authorised,Financial Audit,1,25,171
auditor_0303,Seaside Audit,SE,CIA,Financial Audit,18,14,137
auditor_0304,Trust and Co,ES,State Authorised,Internal Control,9,33,112
auditor_0305,Atlas Audit,NL,CIA,Financial Audit,9,24,134
auditor_0306,Seaside Audit,DK,None,IT Audit,5,19,205
auditor_0307,Capital Assurance,SE,CPA,Financial Audit,2,19,63
auditor_0308,North Continental,FI,CISA,Financial Audit,13,2,75
auditor_0309,Atlas Audit,NL,State Authorised,Financial Audit,9,33,114
auditor_0310,Prime Advisory,GB,CISA,Internal Control,5,36,4
auditor_0311,Copenhagen Review,IT,CIA,IT Audit,0,22,79
auditor_0312,Copenhagen Review,DE,State Authorised,Financial Audit,2,25,139
auditor_0313,Integrity Audit,NL,ACCA,Financial Audit,5,5,189
auditor_0314,Trust and Co,IT,CIA,Financial Audit,11,17,267
auditor_0315,Nordic Audit Partners,SE,CIA,Financial Audit,2,2,64
auditor_0316,Seaside Audit,FR,State Authorised,Financial Audit,7,20,100
auditor_0317,Capital Assurance,IT,CPA,Sustainability,9,5,235
auditor_0318,Trust and Co,NO,CISA,Financial Audit,7,29,147
auditor_0319,Global Assurance,DE,ACCA,Financial Audit,10,23,155
auditor_0320,Copenhagen Review,FR,ACCA,Financial Audit,11,31,135
auditor_0321,Atlas Audit,SE,State Authorised,Financial Audit,11,17,235
auditor_0322,Copenhagen Review,FR,CPA,Financial Audit,4,36,116
auditor_0323,Prime Advisory,GB,None,Financial Audit,0,19,65
auditor_0324,Prime Advisory,DE,None,Tax,12,11,84
auditor_0325,Integrity Audit,DE,State Authorised,Financial Audit,0,13,0
auditor_0326,Seaside Audit,NO,State Authorised,IT Audit,0,25,182
auditor_0327,Prime Advisory,ES,CPA,Forensics,10,8,116
auditor_0328,Capital Assurance,SE,ACCA,Tax,7,6,240
auditor_0329,Seaside Audit,DK,ACCA,Financial Audit,12,15,122
auditor_0330,Capital Assurance,IT,ACCA,Financial Audit,9,1,100
auditor_0331,Seaside Audit,DE,State Authorised,Financial Audit,4,7,97
auditor_0332,Capital Assurance,NO,CISA,IT Audit,16,24,74
auditor_0333,Capital Assurance,SE,ACCA,Financial Audit,10,31,193
auditor_0334,Seaside Audit,IT,ACCA,Financial Audit,8,11,175
auditor_0335,Integrity Audit,NL,State Authorised,Tax,9,26,170
auditor_0336,Global Assurance,ES,CPA,IT Audit,13,12,225
auditor_0337,Prime Advisory,NL,ACCA,Internal Control,8,38,64
auditor_0338,Trust and Co,FI,State Authorised,Financial Audit,16,19,67
auditor_0339,Trust and Co,IT,State Authorised,Tax,5,14,153
auditor_0340,Global Assurance,NO,None,IT Audit,10,12,118
auditor_0341,North Continental,IT,CISA,Financial Audit,18,35,154
auditor_0342,Copenhagen Review,IT,State Authorised,Internal Control,8,19,169
auditor_0343,Capital Assurance,NO,ACCA,IT Audit,2,15,0
auditor_0344,Integrity Audit,DE,CPA,Financial Audit,9,24,81
auditor_0345,Global Assurance,DE,ACCA,Financial Audit,15,5,2
auditor_0346,Capital Assurance,DE,State Authorised,Sustainability,9,28,254
auditor_0347,Global Assurance,IT,CPA,Financial Audit,5,28,116
auditor_0348,Copenhagen Review,ES,None,Tax,7,26,172
auditor_0349,Nordic Audit Partners,FR,None,IT Audit,0,32,230
auditor_0350,Prime Advisory,NL,CPA,IT Audit,4,21,159
auditor_0351,Nordic Audit Partners,FR,State Authorised,Sustainability,9,12,66
auditor_0352,Capital Assurance,SE,CPA,Financial Audit,7,29,163
auditor_0353,Prime Advisory,FR,None,IT Audit,6,25,0
auditor_0354,Copenhagen Review,NO,ACCA,Sustainability,13,1,91
auditor_0355,Seaside Audit,GB,CISA,Forensics,2,5,212
auditor_0356,Nordic Audit Partners,NL,State Authorised,Financial Audit,5,21,116
auditor_0357,Seaside Audit,DE,State Authorised,Sustainability,10,18,17
auditor_0358,Copenhagen Review,NO,State Authorised,IT Audit,12,13,0
auditor_0359,Trust and Co,NL,State Authorised,Forensics,5,33,188
auditor_0360,Seaside Audit,NO,CPA,Internal Control,6,14,94
auditor_0361,Integrity Audit,ES,ACCA,Tax,18,21,154
auditor_0362,Trust and Co,ES,State Authorised,Forensics,13,20,99
auditor_0363,Atlas Audit,NL,State Authorised,Financial Audit,7,17,117
auditor_0364,Prime Advisory,NL,None,IT Audit,11,18,178
auditor_0365,Prime Advisory,NO,State Authorised,Financial Audit,7,18,0
auditor_0366,Global Assurance,ES,CISA,Tax,12,21,199
auditor_0367,Atlas Audit,DK,CIA,Sustainability,0,38,108
auditor_0368,Copenhagen Review,NO,CPA,Financial Audit,13,7,169
auditor_0369,Trust and Co,IT,CISA,Financial Audit,2,11,273
auditor_0370,North Continental,DK,ACCA,Forensics,7,20,189
auditor_0371,Prime Advisory,FR,CPA,Tax,10,19,149
auditor_0372,North Continental,FI,CPA,Financial Audit,20,17,136
auditor_0373,North Continental,FI,ACCA,Internal Control,13,29,214
auditor_0374,North Continental,FR,CISA,Tax,11,6,250
auditor_0375,Atlas Audit,ES,ACCA,Financial Audit,2,21,59
auditor_0376,Prime Advisory,IT,State Authorised,Financial Audit,7,21,145
auditor_0377,North Continental,NL,CPA,Financial Audit,10,34,156
auditor_0378,Atlas Audit,SE,State Authorised,Tax,6,27,215
auditor_0379,Integrity Audit,FR,None,Financial Audit,1,23,176
auditor_0380,Seaside Audit,SE,None,Financial Audit,6,31,107
auditor_0381,North Continental,NL,None,Financial Audit,8,16,121
auditor_0382,Seaside Audit,ES,ACCA,Financial Audit,2,3,247
auditor_0383,Global Assurance,NL,State Authorised,Financial Audit,3,8,0
auditor_0384,Global Assurance,NL,CISA,Financial Audit,4,4,251
auditor_0385,Integrity Audit,FR,CIA,Financial Audit,13,11,300
auditor_0386,North Continental,FR,CPA,Sustainability,12,14,0
auditor_0387,Nordic Audit Partners,DE,State Authorised,Financial Audit,19,4,0
auditor_0388,Copenhagen Review,ES,ACCA,Tax,13,42,230
auditor_0389,Prime Advisory,DE,State Authorised,Financial Audit,10,23,188
auditor_0390,Copenhagen Review,FR,State Authorised,Tax,11,20,128
auditor_0391,North Continental,IT,CPA,Forensics,7,10,97
auditor_0392,Copenhagen Review,FI,CIA,Financial Audit,0,17,40
auditor_0393,Nordic Audit Partners,IT,ACCA,IT Audit,2,19,231
auditor_0394,Trust and Co,SE,CPA,Financial Audit,12,2,40
auditor_0395,Atlas Audit,ES,CPA,Internal Control,12,8,102
auditor_0396,Atlas Audit,DK,ACCA,IT Audit,10,8,128
auditor_0397,Seaside Audit,NL,State Authorised,Financial Audit,1,11,145
auditor_0398,Global Assurance,NL,State Authorised,Forensics,0,22,118
auditor_0399,Global Assurance,IT,CIA,Financial Audit,10,20,229
auditor_0400,Nordic Audit Partners,NL,CPA,Tax,8,13,129
auditor_0401,Trust and Co,FR,None,IT Audit,10,18,123
auditor_0402,Trust and Co,NO,State Authorised,Tax,4,11,7
auditor_0403,North Continental,DK,State Authorised,Financial Audit,16,5,64
auditor_0404,Prime Advisory,DK,State Authorised,Financial Audit,4,26,96
auditor_0405,Seaside Audit,ES,ACCA,Financial Audit,14,11,142
auditor_0406,Prime Advisory,DE,ACCA,Tax,3,39,24
auditor_0407,Capital Assurance,DE,State Authorised,Financial Audit,9,24,153
auditor_0408,Seaside Audit,FR,None,Financial Audit,7,16,123
auditor_0409,Trust and Co,FR,CIA,Financial Audit,7,27,296
auditor_0410,Atlas Audit,DE,CISA,Tax,5,4,112
auditor_0411,Global Assurance,GB,CPA,Tax,20,9,251
auditor_0412,Atlas Audit,DE,State Authorised,Financial Audit,16,12,165
auditor_0413,Integrity Audit,DE,ACCA,Tax,16,14,103
auditor_0414,Trust and Co,FR,ACCA,Financial Audit,5,7,68
auditor_0415,Capital Assurance,IT,None,Financial Audit,1,18,58
auditor_0416,Nordic Audit Partners,SE,CIA,Financial Audit,9,2,146
auditor_0417,Atlas Audit,NO,None,Financial Audit,12,1,149
auditor_0418,Copenhagen Review,FR,State Authorised,Financial Audit,14,5,253
auditor_0419,Capital Assurance,NL,ACCA,IT Audit,10,10,115
auditor_0420,Copenhagen Review,NO,CIA,Internal Control,10,18,163
auditor_0421,Capital Assurance,FR,CISA,IT Audit,3,19,6
auditor_0422,Atlas Audit,NL,ACCA,Forensics,7,8,61
auditor_0423,Prime Advisory,SE,State Authorised,Financial Audit,14,28,168
auditor_0424,Atlas Audit,GB,None,Financial Audit,2,14,217
auditor_0425,Integrity Audit,FR,State Authorised,IT Audit,8,41,151
auditor_0426,North Continental,FI,State Authorised,Sustainability,8,14,130
auditor_0427,North Continental,NO,None,Financial Audit,7,25,196
auditor_0428,Global Assurance,NL,CIA,Forensics,4,4,0
auditor_0429,Atlas Audit,ES,State Authorised,Financial Audit,10,6,0
auditor_0430,Trust and Co,NO,CISA,IT Audit,9,42,119
auditor_0431,Global Assurance,FI,CISA,Financial Audit,12,18,112
auditor_0432,North Continental,DK,ACCA,IT Audit,12,15,141
auditor_0433,North Continental,ES,State Authorised,Sustainability,9,11,199
auditor_0434,Global Assurance,DE,ACCA,Tax,7,10,162
auditor_0435,North Continental,ES,ACCA,Financial Audit,3,18,119
auditor_0436,Copenhagen Review,SE,State Authorised,Financial Audit,13,22,117
auditor_0437,Global Assurance,FR,ACCA,IT Audit,12,31,164
auditor_0438,Trust and Co,ES,CPA,Financial Audit,8,4,34
auditor_0439,Trust and Co,GB,CPA,Sustainability,6,11,105
auditor_0440,Global Assurance,ES,State Authorised,Financial Audit,8,23,114
auditor_0441,Capital Assurance,FI,State Authorised,Internal Control,10,18,0
auditor_0442,Integrity Audit,SE,State Authorised,Forensics,3,16,23
auditor_0443,Atlas Audit,DE,State Authorised,Financial Audit,10,33,217
auditor_0444,Atlas Audit,SE,CPA,Financial Audit,6,32,131
auditor_0445,Copenhagen Review,NO,State Authorised,IT Audit,6,11,95
auditor_0446,Copenhagen Review,NL,CISA,IT Audit,6,19,132
auditor_0447,Nordic Audit Partners,SE,State Authorised,Forensics,8,22,215
auditor_0448,Copenhagen Review,DE,CIA,Tax,12,3,0
auditor_0449,Seaside Audit,IT,CPA,IT Audit,12,4,102
auditor_0450,Atlas Audit,DE,CPA,Financial Audit,2,1,163
auditor_0451,Prime Advisory,GB,State Authorised,Financial Audit,11,12,0
auditor_0452,Nordic Audit Partners,NO,ACCA,IT Audit,5,21,1
auditor_0453,Prime Advisory,NL,CPA,Financial Audit,8,17,166
auditor_0454,Capital Assurance,NL,None,Financial Audit,8,8,215
auditor_0455,Capital Assurance,ES,CPA,Financial Audit,7,17,45
auditor_0456,North Continental,SE,State Authorised,Financial Audit,5,9,106
auditor_0457,Global Assurance,DK,State Authorised,Financial Audit,16,4,0
auditor_0458,Copenhagen Review,GB,State Authorised,Sustainability,15,15,66
auditor_0459,Trust and Co,NL,None,Tax,13,11,266
auditor_0460,Prime Advisory,NO,ACCA,IT Audit,11,13,292
auditor_0461,North Continental,DE,ACCA,Financial Audit,4,25,143
auditor_0462,Seaside Audit,ES,ACCA,Financial Audit,14,33,122
auditor_0463,Copenhagen Review,NL,State Authorised,Financial Audit,4,22,65
auditor_0464,Copenhagen Review,FR,State Authorised,Financial Audit,18,19,90
auditor_0465,Global Assurance,GB,State Authorised,Financial Audit,8,4,42
auditor_0466,Capital Assurance,GB,ACCA,Financial Audit,14,11,36
auditor_0467,Copenhagen Review,ES,State Authorised,IT Audit,10,29,177
auditor_0468,Global Assurance,GB,CPA,Tax,12,10,6
auditor_0469,Integrity Audit,IT,CIA,Financial Audit,15,14,99
auditor_0470,Global Assurance,GB,ACCA,Internal Control,14,23,156
auditor_0471,Atlas Audit,NL,CISA,Financial Audit,18,11,194
auditor_0472,Atlas Audit,GB,CPA,Financial Audit,8,20,242
auditor_0473,Trust and Co,NL,CISA,IT Audit,10,23,205
auditor_0474,Trust and Co,IT,None,Financial Audit,6,9,36
auditor_0475,Copenhagen Review,NL,State Authorised,Internal Control,0,38,31
auditor_0476,Integrity Audit,IT,State Authorised,Tax,6,15,144
auditor_0477,Atlas Audit,FR,CIA,Financial Audit,12,26,73
auditor_0478,Nordic Audit Partners,NL,State Authorised,Financial Audit,7,20,100
auditor_0479,Seaside Audit,IT,State Authorised,Sustainability,16,22,178
auditor_0480,Nordic Audit Partners,IT,ACCA,Internal Control,11,29,134
auditor_0481,Copenhagen Review,IT,State Authorised,Financial Audit,1,21,67
auditor_0482,North Continental,NO,CPA,Tax,5,23,219
auditor_0483,Seaside Audit,NO,CISA,Financial Audit,8,21,256
auditor_0484,Copenhagen Review,SE,State Authorised,Financial Audit,9,44,165
auditor_0485,Seaside Audit,NO,ACCA,Financial Audit,0,25,150
auditor_0486,Atlas Audit,IT,None,Sustainability,14,24,108
auditor_0487,Nordic Audit Partners,NO,CPA,IT Audit,1,15,51
auditor_0488,North Continental,ES,ACCA,Internal Control,5,23,253
auditor_0489,North Continental,ES,State Authorised,Financial Audit,9,6,155
auditor_0490,Integrity Audit,IT,ACCA,Internal Control,13,11,109
auditor_0491,Integrity Audit,ES,State Authorised,Internal Control,8,10,171
auditor_0492,Integrity Audit,DE,CIA,Forensics,7,22,49
auditor_0493,North Continental,NL,ACCA,IT Audit,5,25,90
auditor_0494,Integrity Audit,DE,State Authorised,Forensics,16,14,137
auditor_0495,Seaside Audit,GB,CISA,Internal Control,12,3,0
auditor_0496,Trust and Co,DE,State Authorised,Internal Control,0,30,75
auditor_0497,Global Assurance,NL,None,Forensics,20,12,134
auditor_0498,North Continental,FI,State Authorised,IT Audit,15,38,284
auditor_0499,Atlas Audit,DE,State Authorised,IT Audit,14,28,167
auditor_0500,Copenhagen Review,FI,State Authorised,Forensics,11,12,54
auditor_0501,Atlas Audit,FI,CPA,Financial Audit,7,16,83
auditor_0502,Seaside Audit,NL,CIA,Financial Audit,11,27,127
auditor_0503,Trust and Co,DK,None,Internal Control,15,6,104
auditor_0504,Trust and Co,GB,CIA,Sustainability,4,1,113
auditor_0505,North Continental,FR,CIA,Tax,7,33,170
auditor_0506,Integrity Audit,NL,State Authorised,Financial Audit,2,36,217
auditor_0507,Global Assurance,IT,State Authorised,Tax,10,15,43
auditor_0508,Nordic Audit Partners,NO,ACCA,Tax,6,28,270
auditor_0509,Nordic Audit Partners,GB,CISA,Financial Audit,15,13,30
auditor_0510,Integrity Audit,DK,State Authorised,IT Audit,8,1,145
auditor_0511,Global Assurance,NL,State Authorised,Internal Control,7,13,0
auditor_0512,Atlas Audit,ES,ACCA,Internal Control,10,12,26
auditor_0513,Atlas Audit,FR,State Authorised,Tax,0,17,261
auditor_0514,Capital Assurance,NO,CIA,Forensics,16,13,71
auditor_0515,Trust and Co,DK,CIA,Tax,10,8,144
auditor_0516,Copenhagen Review,FI,State Authorised,Sustainability,11,30,111
auditor_0517,Seaside Audit,GB,CPA,Financial Audit,6,9,53
auditor_0518,Global Assurance,NO,None,IT Audit,6,21,193
auditor_0519,Prime Advisory,DK,State Authorised,Financial Audit,3,32,98
auditor_0520,Integrity Audit,NL,State Authorised,Tax,7,10,0
auditor_0521,Nordic Audit Partners,DE,CIA,Forensics,12,25,97
auditor_0522,Nordic Audit Partners,SE,ACCA,Financial Audit,8,23,0
auditor_0523,Atlas Audit,DE,CIA,Forensics,5,25,19
auditor_0524,Integrity Audit,NL,CPA,Financial Audit,9,4,157
auditor_0525,Trust and Co,FR,State Authorised,Tax,7,1,213
auditor_0526,Copenhagen Review,NL,ACCA,IT Audit,4,9,136
auditor_0527,North Continental,ES,CISA,Tax,13,7,124
auditor_0528,Prime Advisory,IT,None,Financial Audit,10,24,134
auditor_0529,North Continental,ES,CIA,Financial Audit,6,9,126
auditor_0530,Copenhagen Review,SE,State Authorised,IT Audit,2,1,154
auditor_0531,Atlas Audit,FI,CPA,Financial Audit,12,1,39
auditor_0532,Capital Assurance,ES,ACCA,Forensics,11,38,121
auditor_0533,Copenhagen Review,FR,State Authorised,IT Audit,4,16,229
auditor_0534,Nordic Audit Partners,FR,State Authorised,Financial Audit,4,10,81
auditor_0535,Copenhagen Review,DK,CPA,Forensics,3,19,249
auditor_0536,Integrity Audit,DK,ACCA,Tax,9,15,96
auditor_0537,Prime Advisory,IT,State Authorised,Financial Audit,0,26,113
auditor_0538,Global Assurance,ES,None,Internal Control,7,49,143
auditor_0539,Global Assurance,FR,State Authorised,Financial Audit,4,13,211
auditor_0540,Trust and Co,GB,ACCA,Sustainability,8,3,193
auditor_0541,North Continental,GB,ACCA,Forensics,4,36,206
auditor_0542,Atlas Audit,NO,CIA,Financial Audit,5,30,125
auditor_0543,Trust and Co,ES,ACCA,Financial Audit,12,22,52
auditor_0544,Prime Advisory,DK,CISA,Internal Control,4,28,93
auditor_0545,North Continental,ES,ACCA,Financial Audit,5,8,153
auditor_0546,Prime Advisory,FI,ACCA,Financial Audit,18,7,121
auditor_0547,Prime Advisory,SE,State Authorised,Forensics,15,17,156
auditor_0548,Copenhagen Review,DK,State Authorised,Financial Audit,2,22,105
auditor_0549,Copenhagen Review,DK,ACCA,Forensics,12,29,327
auditor_0550,Nordic Audit Partners,FI,CIA,Financial Audit,10,21,135
auditor_0551,Prime Advisory,ES,State Authorised,Sustainability,6,21,96
auditor_0552,Nordic Audit Partners,NO,CPA,Financial Audit,8,31,39
auditor_0553,Copenhagen Review,NL,CPA,Tax,13,31,110
auditor_0554,Capital Assurance,FI,State Authorised,Financial Audit,0,11,223
auditor_0555,Atlas Audit,FI,ACCA,Financial Audit,7,8,79
auditor_0556,Atlas Audit,IT,None,Sustainability,12,23,100
auditor_0557,Seaside Audit,ES,ACCA,Internal Control,6,14,46
auditor_0558,Seaside Audit,ES,State Authorised,Financial Audit,16,14,217
auditor_0559,Trust and Co,DE,ACCA,Tax,15,27,85
auditor_0560,North Continental,FI,CISA,Financial Audit,10,17,47
auditor_0561,Trust and Co,FR,None,IT Audit,9,6,215
auditor_0562,Seaside Audit,ES,CPA,Financial Audit,5,20,142
auditor_0563,Integrity Audit,FI,State Authorised,Financial Audit,6,23,82
auditor_0564,North Continental,NL,State Authorised,Tax,12,4,130
auditor_0565,Prime Advisory,DK,State Authorised,Forensics,17,7,65
auditor_0566,Copenhagen Review,DK,None,Financial Audit,10,19,148
auditor_0567,Copenhagen Review,ES,State Authorised,Financial Audit,10,24,208
auditor_0568,Capital Assurance,DE,None,Financial Audit,10,15,173
auditor_0569,Prime Advisory,SE,CIA,Tax,17,16,42
auditor_0570,Prime Advisory,IT,CIA,Financial Audit,13,16,0
auditor_0571,Prime Advisory,ES,State Authorised,Financial Audit,12,12,112
auditor_0572,North Continental,ES,CPA,Financial Audit,9,19,176
auditor_0573,Capital Assurance,ES,None,IT Audit,5,23,99
auditor_0574,North Continental,NL,None,Financial Audit,11,24,45
auditor_0575,Seaside Audit,DK,CPA,Financial Audit,13,12,184
auditor_0576,Trust and Co,DK,State Authorised,Internal Control,9,36,102
auditor_0577,Copenhagen Review,GB,State Authorised,Financial Audit,6,17,95
auditor_0578,Prime Advisory,GB,CPA,Financial Audit,11,1,35
auditor_0579,Atlas Audit,NL,State Authorised,Tax,2,27,256
auditor_0580,North Continental,FR,State Authorised,Tax,7,16,125
auditor_0581,Trust and Co,NO,CIA,IT Audit,13,8,139
auditor_0582,Atlas Audit,DK,CPA,Tax,12,23,135
auditor_0583,Global Assurance,DK,CISA,Financial Audit,13,1,174
auditor_0584,Prime Advisory,SE,CIA,Financial Audit,4,1,160
auditor_0585,Atlas Audit,FR,ACCA,IT Audit,14,16,196
auditor_0586,Copenhagen Review,FR,CIA,Financial Audit,16,31,251
auditor_0587,Atlas Audit,ES,ACCA,Financial Audit,11,18,0
auditor_0588,Integrity Audit,ES,None,Financial Audit,6,9,293
auditor_0589,Seaside Audit,NO,State Authorised,Financial Audit,7,19,164
auditor_0590,Trust and Co,FI,State Authorised,IT Audit,8,34,70
auditor_0591,Capital Assurance,DE,CISA,Financial Audit,8,10,14
auditor_0592,Seaside Audit,FR,CPA,Internal Control,4,17,85
auditor_0593,Prime Advisory,DE,CIA,Tax,4,3,113
auditor_0594,Nordic Audit Partners,SE,ACCA,Financial Audit,0,25,126
auditor_0595,North Continental,DK,CPA,Forensics,0,14,59
auditor_0596,Global Assurance,FR,CISA,Forensics,9,31,0
auditor_0597,Capital Assurance,IT,None,Internal Control,8,16,173
auditor_0598,Atlas Audit,DK,State Authorised,Sustainability,9,10,94
auditor_0599,Copenhagen Review,FR,State Authorised,Sustainability,4,28,121
auditor_0600,Integrity Audit,ES,CPA,Financial Audit,17,17,63
auditor_0601,Capital Assurance,DK,None,IT Audit,0,1,0
auditor_0602,Seaside Audit,SE,State Authorised,IT Audit,9,23,0
auditor_0603,Copenhagen Review,GB,CIA,IT Audit,12,13,131
auditor_0604,Seaside Audit,NO,CISA,Forensics,16,26,98
auditor_0605,Global Assurance,ES,CIA,Financial Audit,3,1,62
auditor_0606,Global Assurance,GB,State Authorised,Financial Audit,6,8,109
auditor_0607,Copenhagen Review,IT,None,Financial Audit,8,15,67
auditor_0608,Capital Assurance,DK,CPA,Tax,8,22,32
auditor_0609,North Continental,FR,State Authorised,IT Audit,15,17,121
auditor_0610,Seaside Audit,GB,State Authorised,IT Audit,11,20,196
auditor_0611,Seaside Audit,SE,CISA,Financial Audit,9,11,148
auditor_0612,Prime Advisory,SE,State Authorised,Financial Audit,2,19,117
auditor_0613,Trust and Co,GB,State Authorised,Financial Audit,6,16,0
auditor_0614,Nordic Audit Partners,DE,ACCA,Tax,5,18,132
auditor_0615,Global Assurance,NO,State Authorised,Financial Audit,2,30,50
auditor_0616,Atlas Audit,ES,CPA,Financial Audit,12,22,68
auditor_0617,Global Assurance,NL,CPA,IT Audit,16,6,193
auditor_0618,Capital Assurance,GB,State Authorised,Financial Audit,13,11,231
auditor_0619,Global Assurance,ES,None,Internal Control,6,20,140
auditor_0620,Copenhagen Review,ES,State Authorised,Financial Audit,7,26,183
auditor_0621,Trust and Co,DE,State Authorised,IT Audit,0,31,0
auditor_0622,Global Assurance,NO,ACCA,Financial Audit,13,29,32
auditor_0623,North Continental,SE,ACCA,Internal Control,5,6,102
auditor_0624,North Continental,IT,CPA,IT Audit,6,25,224
auditor_0625,Trust and Co,DE,State Authorised,Financial Audit,14,12,103
auditor_0626,Copenhagen Review,GB,CISA,Financial Audit,0,9,197
auditor_0627,Capital Assurance,GB,CISA,Sustainability,16,5,72
auditor_0628,Copenhagen Review,NO,State Authorised,IT Audit,7,20,55
auditor_0629,Prime Advisory,FR,State Authorised,Internal Control,10,13,118
auditor_0630,Capital Assurance,DE,CIA,Forensics,10,18,85
auditor_0631,Copenhagen Review,FI,State Authorised,Financial Audit,7,17,90
auditor_0632,Seaside Audit,NL,State Authorised,IT Audit,6,33,164
auditor_0633,Copenhagen Review,ES,State Authorised,Tax,6,24,93
auditor_0634,Nordic Audit Partners,FR,None,Financial Audit,13,21,111
auditor_0635,Integrity Audit,SE,CISA,Tax,10,2,29
auditor_0636,Seaside Audit,FR,State Authorised,Financial Audit,2,19,258
auditor_0637,Integrity Audit,NO,CIA,Tax,19,24,160
auditor_0638,Global Assurance,FR,None,IT Audit,0,12,56
auditor_0639,Seaside Audit,ES,CPA,Sustainability,4,16,82
auditor_0640,Seaside Audit,ES,State Authorised,Internal Control,0,25,34
auditor_0641,Atlas Audit,IT,CPA,Financial Audit,9,38,46
auditor_0642,Prime Advisory,NL,State Authorised,IT Audit,0,15,208
auditor_0643,Copenhagen Review,GB,None,Financial Audit,17,5,159
auditor_0644,Seaside Audit,SE,State Authorised,Financial Audit,5,16,331
auditor_0645,Atlas Audit,ES,CPA,Forensics,0,20,157
auditor_0646,Prime Advisory,FR,ACCA,IT Audit,13,18,144
auditor_0647,Copenhagen Review,ES,State Authorised,Internal Control,6,20,92
auditor_0648,North Continental,SE,State Authorised,Sustainability,11,14,150
auditor_0649,Global Assurance,SE,CISA,Tax,7,29,115
auditor_0650,Capital Assurance,DE,State Authorised,Tax,0,30,47
auditor_0651,Atlas Audit,FR,State Authorised,Financial Audit,4,12,229
auditor_0652,North Continental,NL,State Authorised,Financial Audit,0,49,204
auditor_0653,Global Assurance,DK,CISA,Forensics,9,17,142
auditor_0654,Trust and Co,FI,CPA,IT Audit,10,24,164
auditor_0655,Capital Assurance,ES,ACCA,IT Audit,8,16,107
auditor_0656,Seaside Audit,NO,State Authorised,Forensics,7,29,167
auditor_0657,Seaside Audit,DK,CIA,Sustainability,0,24,135
auditor_0658,North Continental,IT,ACCA,Financial Audit,7,14,209
auditor_0659,Prime Advisory,FI,State Authorised,Forensics,12,10,152
auditor_0660,Global Assurance,IT,State Authorised,Sustainability,3,4,69
auditor_0661,Trust and Co,NL,State Authorised,IT Audit,12,27,161
auditor_0662,Integrity Audit,FR,CPA,Forensics,11,23,68
auditor_0663,Copenhagen Review,GB,CPA,IT Audit,10,26,180
auditor_0664,Capital Assurance,NL,CISA,IT Audit,13,25,148
auditor_0665,Integrity Audit,IT,CPA,Forensics,13,17,49
auditor_0666,Capital Assurance,SE,State Authorised,Financial Audit,7,10,65
auditor_0667,Capital Assurance,NO,CPA,Financial Audit,7,10,95
auditor_0668,Trust and Co,IT,ACCA,Financial Audit,0,20,120
auditor_0669,Atlas Audit,NO,CPA,IT Audit,3,24,195
auditor_0670,Trust and Co,NO,State Authorised,IT Audit,0,10,58
auditor_0671,Nordic Audit Partners,NL,None,IT Audit,3,26,104
auditor_0672,Prime Advisory,GB,None,IT Audit,6,1,170
auditor_0673,North Continental,GB,CIA,Financial Audit,1,18,142
auditor_0674,North Continental,FR,State Authorised,IT Audit,14,4,0
auditor_0675,Prime Advisory,DE,State Authorised,Financial Audit,8,36,219
auditor_0676,Integrity Audit,NO,CISA,IT Audit,9,13,184
auditor_0677,North Continental,ES,CPA,IT Audit,3,22,160
auditor_0678,Integrity Audit,ES,CISA,Financial Audit,13,45,151
auditor_0679,Nordic Audit Partners,FR,CPA,Internal Control,5,17,0
auditor_0680,Global Assurance,FI,State Authorised,Internal Control,4,13,78
auditor_0681,North Continental,DE,State Authorised,Tax,8,9,209
auditor_0682,North Continental,SE,CISA,Financial Audit,8,17,93
auditor_0683,Copenhagen Review,NL,None,IT Audit,8,26,50
auditor_0684,Seaside Audit,NO,CPA,Tax,4,14,12
auditor_0685,Prime Advisory,DK,CPA,IT Audit,3,13,189
auditor_0686,Copenhagen Review,ES,State Authorised,Internal Control,9,19,188
auditor_0687,Integrity Audit,DE,CPA,Internal Control,7,21,111
auditor_0688,Atlas Audit,SE,State Authorised,Tax,9,12,0
auditor_0689,Seaside Audit,DK,None,Sustainability,7,32,194
auditor_0690,Trust and Co,NO,State Authorised,Tax,12,30,127
auditor_0691,Prime Advisory,GB,ACCA,IT Audit,8,11,94
auditor_0692,Integrity Audit,GB,ACCA,Financial Audit,11,30,108
auditor_0693,Global Assurance,GB,CPA,Financial Audit,5,18,168
auditor_0694,Capital Assurance,FR,None,Financial Audit,0,1,75
auditor_0695,Nordic Audit Partners,SE,CIA,IT Audit,1,12,108
auditor_0696,Capital Assurance,SE,CISA,Financial Audit,5,32,146
auditor_0697,Seaside Audit,FI,ACCA,Financial Audit,9,24,28
auditor_0698,Integrity Audit,NL,CPA,Financial Audit,13,17,173
auditor_0699,North Continental,NL,None,Tax,2,2,185
auditor_0700,Nordic Audit Partners,SE,CPA,Tax,9,8,50
auditor_0701,Nordic Audit Partners,SE,None,Financial Audit,13,6,251
auditor_0702,North Continental,DK,None,Financial Audit,3,24,93
auditor_0703,Trust and Co,DE,State Authorised,Internal Control,11,12,106
auditor_0704,Integrity Audit,SE,CIA,Financial Audit,8,7,179
auditor_0705,Capital Assurance,NO,State Authorised,IT Audit,5,15,40
auditor_0706,Prime Advisory,GB,CIA,Forensics,0,16,313
auditor_0707,Nordic Audit Partners,FI,ACCA,Financial Audit,11,17,98
auditor_0708,Prime Advisory,ES,CIA,Financial Audit,8,23,25
auditor_0709,Capital Assurance,SE,None,Financial Audit,13,25,177
auditor_0710,Trust and Co,FR,State Authorised,Financial Audit,10,18,173
auditor_0711,Global Assurance,SE,State Authorised,Sustainability,10,14,74
auditor_0712,Trust and Co,GB,CISA,Tax,8,33,20
auditor_0713,Trust and Co,NO,State Authorised,IT Audit,0,19,124
auditor_0714,Copenhagen Review,NO,ACCA,Tax,8,20,102
auditor_0715,Trust and Co,GB,CPA,Financial Audit,15,1,53
auditor_0716,Prime Advisory,SE,None,Financial Audit,7,1,105
auditor_0717,Global Assurance,IT,CIA,Financial Audit,16,18,138
auditor_0718,Seaside Audit,NL,CISA,Financial Audit,1,11,89
auditor_0719,Global Assurance,FI,CPA,IT Audit,6,30,164
auditor_0720,Copenhagen Review,DE,CISA,Forensics,2,20,159
auditor_0721,Integrity Audit,FI,CPA,IT Audit,13,33,38
auditor_0722,Seaside Audit,DE,CPA,Tax,3,5,101
auditor_0723,Prime Advisory,FR,ACCA,Financial Audit,10,27,113
auditor_0724,Copenhagen Review,SE,CPA,Internal Control,6,19,53
auditor_0725,Capital Assurance,NL,State Authorised,Sustainability,18,1,134
auditor_0726,Copenhagen Review,GB,ACCA,Forensics,18,18,104
auditor_0727,North Continental,SE,State Authorised,Financial Audit,6,16,229
auditor_0728,Integrity Audit,FI,State Authorised,Financial Audit,0,33,6
auditor_0729,Seaside Audit,ES,State Authorised,Tax,6,13,167
auditor_0730,Seaside Audit,GB,CIA,Financial Audit,0,22,281
auditor_0731,Atlas Audit,ES,CPA,Financial Audit,1,19,67
auditor_0732,Integrity Audit,SE,CPA,Financial Audit,10,18,68
auditor_0733,Trust and Co,ES,State Authorised,IT Audit,10,36,104
auditor_0734,Global Assurance,DE,CIA,Tax,11,5,43
auditor_0735,Prime Advisory,DK,State Authorised,Sustainability,10,32,148
auditor_0736,Global Assurance,FR,CPA,Financial Audit,6,17,19
auditor_0737,Trust and Co,SE,State Authorised,Financial Audit,11,26,83
auditor_0738,Nordic Audit Partners,NO,ACCA,Financial Audit,5,20,85
auditor_0739,Atlas Audit,DE,State Authorised,Financial Audit,7,38,100
auditor_0740,Integrity Audit,SE,CISA,Financial Audit,6,11,179
auditor_0741,Seaside Audit,DE,CPA,Financial Audit,7,11,225
auditor_0742,Copenhagen Review,SE,ACCA,IT Audit,15,11,0
auditor_0743,Nordic Audit Partners,FR,None,Financial Audit,13,11,183
auditor_0744,Trust and Co,DE,CISA,Sustainability,0,26,23
auditor_0745,Global Assurance,FI,CIA,Financial Audit,11,18,43
auditor_0746,Nordic Audit Partners,FI,State Authorised,Financial Audit,5,24,128
auditor_0747,Trust and Co,NO,None,Sustainability,10,37,0
auditor_0748,Atlas Audit,GB,State Authorised,Financial Audit,16,19,48
auditor_0749,Capital Assurance,DE,CISA,IT Audit,1,16,193
auditor_0750,Global Assurance,ES,CIA,Financial Audit,7,33,3
auditor_0751,Prime Advisory,ES,None,Internal Control,7,5,149
auditor_0752,Global Assurance,FR,None,Tax,12,13,0
auditor_0753,Integrity Audit,NL,State Authorised,IT Audit,8,22,152
auditor_0754,Capital Assurance,FI,State Authorised,Tax,14,7,174
auditor_0755,Copenhagen Review,FI,ACCA,IT Audit,13,1,145
auditor_0756,North Continental,FI,CIA,IT Audit,5,17,147
auditor_0757,Prime Advisory,NO,State Authorised,Financial Audit,5,11,122
auditor_0758,Prime Advisory,ES,State Authorised,Tax,2,7,174
auditor_0759,Nordic Audit Partners,NL,State Authorised,Forensics,2,24,157
auditor_0760,Integrity Audit,SE,State Authorised,Internal Control,0,11,215
auditor_0761,Seaside Audit,FR,None,Internal Control,3,13,156
auditor_0762,Trust and Co,DE,State Authorised,Sustainability,11,15,72
auditor_0763,Atlas Audit,GB,CIA,Financial Audit,15,35,198
auditor_0764,Global Assurance,IT,State Authorised,Financial Audit,8,9,53
auditor_0765,Seaside Audit,SE,CPA,Financial Audit,10,22,232
auditor_0766,Trust and Co,FI,State Authorised,Sustainability,11,2,204
auditor_0767,Seaside Audit,NL,State Authorised,Financial Audit,3,14,140
auditor_0768,Global Assurance,FI,State Authorised,Tax,17,49,168
auditor_0769,Global Assurance,NO,State Authorised,Financial Audit,7,23,191
auditor_0770,Capital Assurance,GB,State Authorised,Financial Audit,6,35,138
auditor_0771,Prime Advisory,FR,State Authorised,Financial Audit,10,24,153
auditor_0772,Global Assurance,SE,State Authorised,Forensics,12,11,75
auditor_0773,Copenhagen Review,DK,State Authorised,Sustainability,2,22,182
auditor_0774,Trust and Co,SE,CIA,Internal Control,10,34,119
auditor_0775,Seaside Audit,ES,State Authorised,Financial Audit,11,7,89
auditor_0776,Trust and Co,DK,None,Sustainability,11,26,96
auditor_0777,Atlas Audit,ES,State Authorised,IT Audit,7,2,91
auditor_0778,Trust and Co,SE,State Authorised,Tax,12,23,160
auditor_0779,Prime Advisory,NO,State Authorised,Financial Audit,8,18,67
auditor_0780,Global Assurance,IT,CPA,Sustainability,11,22,159
auditor_0781,Global Assurance,DK,None,Financial Audit,5,1,207
auditor_0782,North Continental,NO,State Authorised,Tax,5,9,175
auditor_0783,Capital Assurance,SE,State Authorised,IT Audit,6,28,169
auditor_0784,Trust and Co,IT,ACCA,Tax,11,4,216
auditor_0785,North Continental,DK,ACCA,Financial Audit,9,14,131
auditor_0786,Capital Assurance,FI,None,Financial Audit,0,22,37
auditor_0787,North Continental,NO,State Authorised,IT Audit,1,2,209
auditor_0788,Prime Advisory,DE,ACCA,Sustainability,4,33,77
auditor_0789,North Continental,DK,State Authorised,Financial Audit,0,6,218
auditor_0790,Seaside Audit,FI,CPA,Tax,7,12,132
auditor_0791,Prime Advisory,ES,CISA,Internal Control,10,29,235
auditor_0792,Capital Assurance,FR,CPA,IT Audit,6,4,86
auditor_0793,Copenhagen Review,ES,State Authorised,Financial Audit,9,8,43
auditor_0794,Nordic Audit Partners,NL,CPA,Financial Audit,9,17,122
auditor_0795,Integrity Audit,DK,CISA,IT Audit,4,15,46
auditor_0796,Capital Assurance,IT,None,Internal Control,12,28,0
auditor_0797,Global Assurance,FI,CIA,Financial Audit,3,3,67
auditor_0798,Nordic Audit Partners,FI,CPA,Internal Control,7,3,46
auditor_0799,Seaside Audit,NL,None,Internal Control,2,20,125
auditor_0800,Trust and Co,NO,State Authorised,Financial Audit,4,19,76
auditor_0801,Capital Assurance,IT,State Authorised,Forensics,6,34,227
auditor_0802,Copenhagen Review,IT,State Authorised,Internal Control,1,26,184
auditor_0803,North Continental,ES,State Authorised,IT Audit,2,26,243
auditor_0804,Global Assurance,DK,State Authorised,Financial Audit,2,8,201
auditor_0805,Atlas Audit,FR,State Authorised,Sustainability,9,23,147
auditor_0806,Prime Advisory,NO,State Authorised,Financial Audit,9,4,203
auditor_0807,Capital Assurance,DK,State Authorised,IT Audit,13,15,116
auditor_0808,Trust and Co,SE,CISA,Sustainability,0,23,165
auditor_0809,Global Assurance,NL,CIA,Forensics,7,29,93
auditor_0810,Copenhagen Review,SE,State Authorised,Financial Audit,10,7,118
auditor_0811,Trust and Co,GB,CISA,Internal Control,7,20,90
auditor_0812,Capital Assurance,NO,CIA,IT Audit,7,26,85
auditor_0813,Copenhagen Review,NL,State Authorised,IT Audit,0,35,230
auditor_0814,Trust and Co,GB,State Authorised,Forensics,1,24,79
auditor_0815,Trust and Co,NO,CIA,Internal Control,9,20,101
auditor_0816,Copenhagen Review,GB,None,Tax,4,11,46
auditor_0817,Copenhagen Review,DK,State Authorised,Financial Audit,3,17,62
auditor_0818,Copenhagen Review,FI,CPA,Financial Audit,11,32,73
auditor_0819,North Continental,NO,State Authorised,Financial Audit,9,22,157
auditor_0820,Capital Assurance,NL,State Authorised,Sustainability,8,25,158
auditor_0821,Global Assurance,NL,ACCA,Financial Audit,1,26,190
auditor_0822,Prime Advisory,SE,ACCA,Tax,4,18,174
auditor_0823,Nordic Audit Partners,DK,ACCA,Tax,6,28,309
auditor_0824,Trust and Co,GB,ACCA,Financial Audit,4,4,144
auditor_0825,Atlas Audit,GB,State Authorised,IT Audit,11,15,236
auditor_0826,Copenhagen Review,FI,State Authorised,Financial Audit,1,24,71
auditor_0827,Nordic Audit Partners,DE,State Authorised,Financial Audit,16,37,58
auditor_0828,Global Assurance,SE,State Authorised,Sustainability,5,26,89
auditor_0829,Trust and Co,SE,CPA,Sustainability,7,18,0
auditor_0830,Global Assurance,NL,CPA,IT Audit,7,11,80
auditor_0831,North Continental,DK,ACCA,Forensics,15,5,185
auditor_0832,Copenhagen Review,GB,State Authorised,Financial Audit,6,15,183
auditor_0833,Prime Advisory,FI,ACCA,IT Audit,9,23,197
auditor_0834,Atlas Audit,DE,CIA,Financial Audit,6,11,33
auditor_0835,Global Assurance,DK,ACCA,IT Audit,3,47,219
auditor_0836,North Continental,NO,State Authorised,Financial Audit,1,4,158
auditor_0837,Global Assurance,DE,CISA,IT Audit,10,23,99
auditor_0838,North Continental,FI,State Authorised,Financial Audit,7,21,126
auditor_0839,Integrity Audit,SE,ACCA,Financial Audit,0,15,51
auditor_0840,Seaside Audit,FR,ACCA,Forensics,8,47,149
auditor_0841,Global Assurance,ES,ACCA,Financial Audit,6,27,158
auditor_0842,Seaside Audit,NL,State Authorised,Financial Audit,10,24,284
auditor_0843,North Continental,FR,State Authorised,Tax,2,22,45
auditor_0844,Copenhagen Review,DK,State Authorised,Forensics,10,8,86
auditor_0845,Global Assurance,SE,CIA,Tax,6,27,193
auditor_0846,Seaside Audit,IT,State Authorised,Financial Audit,1,18,63
auditor_0847,Seaside Audit,ES,ACCA,IT Audit,1,15,95
auditor_0848,North Continental,IT,None,IT Audit,20,22,9
auditor_0849,Global Assurance,GB,None,Tax,5,28,287
auditor_0850,Atlas Audit,IT,None,Tax,0,1,269
auditor_0851,Copenhagen Review,NO,State Authorised,Tax,9,9,162
auditor_0852,Trust and Co,NO,None,Tax,0,18,146
auditor_0853,Trust and Co,DK,ACCA,Internal Control,12,7,126
auditor_0854,Seaside Audit,FI,None,IT Audit,3,20,48
auditor_0855,Copenhagen Review,DE,State Authorised,Tax,5,8,172
auditor_0856,Global Assurance,SE,ACCA,Financial Audit,12,15,123
auditor_0857,Capital Assurance,DE,CPA,Sustainability,0,15,115
auditor_0858,Nordic Audit Partners,IT,CPA,Tax,21,6,237
auditor_0859,Global Assurance,GB,State Authorised,IT Audit,12,20,260
auditor_0860,Copenhagen Review,SE,None,IT Audit,9,21,115
auditor_0861,Global Assurance,DE,None,Sustainability,14,28,69
auditor_0862,Seaside Audit,DE,ACCA,IT Audit,1,15,55
auditor_0863,Copenhagen Review,FR,State Authorised,Financial Audit,7,30,83
auditor_0864,Trust and Co,IT,CPA,Forensics,7,18,187
auditor_0865,Nordic Audit Partners,GB,None,Financial Audit,0,11,136
auditor_0866,Prime Advisory,DK,CIA,Sustainability,14,13,0
auditor_0867,Capital Assurance,DK,State Authorised,Tax,11,11,24
auditor_0868,Integrity Audit,DE,CISA,Sustainability,4,16,71
auditor_0869,Global Assurance,FI,State Authorised,Internal Control,0,26,221
auditor_0870,North Continental,NL,State Authorised,Financial Audit,11,6,103
auditor_0871,Global Assurance,FI,ACCA,Sustainability,7,23,173
auditor_0872,Seaside Audit,FR,CISA,Sustainability,4,18,156
auditor_0873,Nordic Audit Partners,ES,CISA,Financial Audit,15,25,183
auditor_0874,Atlas Audit,GB,State Authorised,Sustainability,8,32,152
auditor_0875,Copenhagen Review,DK,State Authorised,Sustainability,3,32,175
auditor_0876,Prime Advisory,DK,State Authorised,IT Audit,5,13,143
auditor_0877,Capital Assurance,FI,State Authorised,Tax,10,19,144
auditor_0878,Atlas Audit,GB,CPA,Financial Audit,16,28,135
auditor_0879,Nordic Audit Partners,FI,ACCA,IT Audit,12,7,151
auditor_0880,Trust and Co,FR,CPA,Financial Audit,17,15,52
auditor_0881,Trust and Co,DE,CIA,Forensics,4,7,57
auditor_0882,Integrity Audit,DK,ACCA,Financial Audit,6,3,121
auditor_0883,Copenhagen Review,FI,None,Forensics,12,8,241
auditor_0884,Prime Advisory,DE,CIA,IT Audit,10,28,67
auditor_0885,Nordic Audit Partners,FR,None,Forensics,12,7,191
auditor_0886,Copenhagen Review,DK,State Authorised,IT Audit,8,23,25
auditor_0887,Integrity Audit,DE,ACCA,Financial Audit,3,23,44
auditor_0888,Capital Assurance,FR,State Authorised,IT Audit,10,4,187
auditor_0889,Atlas Audit,IT,ACCA,Financial Audit,1,23,170
auditor_0890,Atlas Audit,NL,CPA,IT Audit,4,23,140
auditor_0891,Integrity Audit,DE,CIA,IT Audit,5,7,0
auditor_0892,Capital Assurance,DE,CPA,Sustainability,9,2,127
auditor_0893,Integrity Audit,DE,State Authorised,IT Audit,6,24,95
auditor_0894,Prime Advisory,DK,CISA,Tax,6,25,146
auditor_0895,Copenhagen Review,GB,CIA,Forensics,9,22,0
auditor_0896,Nordic Audit Partners,FR,None,Financial Audit,11,24,38
auditor_0897,Seaside Audit,GB,ACCA,Financial Audit,6,17,109
auditor_0898,Copenhagen Review,FI,State Authorised,Tax,9,32,206
auditor_0899,Atlas Audit,FR,None,Forensics,1,24,226
auditor_0900,Atlas Audit,DE,CISA,Tax,9,28,280
auditor_0901,Atlas Audit,NO,State Authorised,IT Audit,13,20,203
auditor_0902,Integrity Audit,ES,CISA,Financial Audit,8,18,91
auditor_0903,Capital Assurance,SE,State Authorised,Financial Audit,15,9,242
auditor_0904,Integrity Audit,GB,CISA,Financial Audit,10,4,149
auditor_0905,Integrity Audit,IT,State Authorised,Sustainability,0,24,190
auditor_0906,North Continental,DK,None,IT Audit,5,19,276
auditor_0907,Copenhagen Review,SE,ACCA,Financial Audit,5,7,238
auditor_0908,Global Assurance,GB,CPA,Financial Audit,17,18,200
auditor_0909,Trust and Co,NO,None,Financial Audit,14,10,81
auditor_0910,Copenhagen Review,FR,State Authorised,Sustainability,14,34,165
auditor_0911,Trust and Co,SE,ACCA,Forensics,3,37,77
auditor_0912,Trust and Co,NL,CPA,Financial Audit,6,21,244
auditor_0913,Integrity Audit,FI,CISA,Financial Audit,12,22,157
auditor_0914,Trust and Co,FR,CISA,Tax,8,23,0
auditor_0915,Trust and Co,IT,ACCA,Financial Audit,6,20,27
auditor_0916,Seaside Audit,FR,ACCA,Financial Audit,9,15,260
auditor_0917,Prime Advisory,NL,None,Sustainability,15,13,107
auditor_0918,Atlas Audit,FI,State Authorised,Financial Audit,7,13,135
auditor_0919,Prime Advisory,FI,CIA,Financial Audit,4,6,169
auditor_0920,Trust and Co,SE,ACCA,IT Audit,11,9,191
auditor_0921,Trust and Co,SE,CISA,Financial Audit,4,20,185
auditor_0922,Integrity Audit,FR,CIA,IT Audit,7,22,78
auditor_0923,Capital Assurance,GB,None,Internal Control,7,15,60
auditor_0924,Capital Assurance,FR,ACCA,Financial Audit,7,2,80
auditor_0925,Seaside Audit,DK,State Authorised,Tax,6,15,100
auditor_0926,Trust and Co,FI,CIA,IT Audit,7,22,189
auditor_0927,Trust and Co,SE,ACCA,Forensics,4,5,36
auditor_0928,Nordic Audit Partners,GB,None,Financial Audit,5,14,58
auditor_0929,Atlas Audit,IT,State Authorised,Internal Control,1,13,134
auditor_0930,Global Assurance,DK,State Authorised,Financial Audit,10,12,86
auditor_0931,North Continental,GB,State Authorised,Financial Audit,3,17,52
auditor_0932,Trust and Co,FI,CIA,Forensics,10,1,91
auditor_0933,Integrity Audit,GB,CIA,Forensics,9,19,335
auditor_0934,Integrity Audit,IT,CPA,Financial Audit,9,7,112
auditor_0935,Global Assurance,ES,CIA,Financial Audit,0,17,53
auditor_0936,Global Assurance,SE,ACCA,IT Audit,12,12,110
auditor_0937,Integrity Audit,ES,None,Financial Audit,4,35,94
auditor_0938,Seaside Audit,DE,State Authorised,IT Audit,17,26,158
auditor_0939,Prime Advisory,FR,State Authorised,Financial Audit,9,21,0
auditor_0940,Global Assurance,SE,CISA,Forensics,6,26,116
auditor_0941,Trust and Co,SE,CISA,Financial Audit,0,17,256
auditor_0942,Global Assurance,DE,CPA,IT Audit,14,17,196
auditor_0943,Integrity Audit,DE,ACCA,Financial Audit,6,1,46
auditor_0944,Trust and Co,DK,None,Financial Audit,15,15,100
auditor_0945,Capital Assurance,GB,CIA,Financial Audit,6,37,250
auditor_0946,Nordic Audit Partners,DK,None,Forensics,19,16,143
auditor_0947,Trust and Co,NL,ACCA,Financial Audit,0,32,26
auditor_0948,Copenhagen Review,DE,None,Financial Audit,9,7,72
auditor_0949,Capital Assurance,NO,State Authorised,Financial Audit,3,11,76
auditor_0950,North Continental,DE,CISA,Forensics,5,26,31
auditor_0951,North Continental,GB,CPA,Tax,9,30,78
auditor_0952,Global Assurance,NO,CIA,Financial Audit,4,15,214
auditor_0953,Trust and Co,SE,ACCA,IT Audit,8,12,158
auditor_0954,Copenhagen Review,FR,State Authorised,Financial Audit,2,24,152
auditor_0955,Capital Assurance,IT,State Authorised,Forensics,6,9,49
auditor_0956,Trust and Co,FR,None,Financial Audit,10,30,69
auditor_0957,Seaside Audit,FR,State Authorised,Financial Audit,10,1,73
auditor_0958,Capital Assurance,DK,CIA,Forensics,7,8,45
auditor_0959,Copenhagen Review,IT,State Authorised,Internal Control,4,20,105
auditor_0960,Capital Assurance,ES,CPA,Forensics,0,1,71
auditor_0961,Global Assurance,GB,CIA,Financial Audit,10,1,80
auditor_0962,Capital Assurance,GB,State Authorised,Tax,5,31,89
auditor_0963,Copenhagen Review,DK,State Authorised,Internal Control,9,19,0
auditor_0964,Atlas Audit,FR,None,Sustainability,11,20,160
auditor_0965,Global Assurance,FR,State Authorised,Financial Audit,27,1,257
auditor_0966,Integrity Audit,DK,CPA,IT Audit,6,20,116
auditor_0967,Seaside Audit,GB,CISA,Financial Audit,5,12,146
auditor_0968,North Continental,IT,ACCA,Sustainability,0,25,86
auditor_0969,North Continental,NL,State Authorised,IT Audit,2,13,220
auditor_0970,Nordic Audit Partners,SE,ACCA,Financial Audit,5,21,61
auditor_0971,Atlas Audit,DK,CISA,Tax,11,24,267
auditor_0972,Copenhagen Review,DE,None,IT Audit,7,24,127
auditor_0973,North Continental,NL,ACCA,Financial Audit,14,10,179
auditor_0974,Prime Advisory,FR,State Authorised,Tax,7,17,127
auditor_0975,Copenhagen Review,FR,CIA,Financial Audit,9,16,137
auditor_0976,North Continental,SE,State Authorised,Forensics,15,27,189
auditor_0977,Nordic Audit Partners,NL,ACCA,Forensics,5,9,196
auditor_0978,Integrity Audit,ES,CPA,Forensics,12,32,71
auditor_0979,Nordic Audit Partners,NO,ACCA,Tax,6,1,88
auditor_0980,Seaside Audit,SE,State Authorised,Financial Audit,12,13,171
auditor_0981,Global Assurance,GB,State Authorised,Tax,7,21,28
auditor_0982,Prime Advisory,NL,State Authorised,Financial Audit,8,1,105
auditor_0983,Copenhagen Review,SE,CISA,IT Audit,0,30,182
auditor_0984,Copenhagen Review,ES,State Authorised,IT Audit,10,33,44
auditor_0985,Atlas Audit,DK,CPA,Financial Audit,16,27,101
auditor_0986,Copenhagen Review,FR,None,Tax,13,6,54
auditor_0987,Trust and Co,IT,State Authorised,Tax,4,12,35
auditor_0988,Global Assurance,GB,CIA,IT Audit,14,15,148
auditor_0989,Capital Assurance,ES,None,Financial Audit,5,1,141
auditor_0990,Copenhagen Review,FI,State Authorised,Internal Control,0,17,10
auditor_0991,Integrity Audit,FR,CISA,Financial Audit,17,27,128
auditor_0992,Copenhagen Review,ES,State Authorised,Forensics,14,9,163
auditor_0993,Capital Assurance,ES,CPA,Financial Audit,8,20,221
auditor_0994,Copenhagen Review,DE,CIA,Sustainability,11,20,0
auditor_0995,Trust and Co,NO,CPA,Forensics,3,16,127
auditor_0996,Capital Assurance,SE,CISA,IT Audit,2,42,241
auditor_0997,Copenhagen Review,IT,None,Tax,11,18,103
auditor_0998,Atlas Audit,DE,None,Financial Audit,3,18,140
auditor_0999,Nordic Audit Partners,ES,State Authorised,Financial Audit,1,21,107
auditor_1000,Nordic Audit Partners,DK,State Authorised,Tax,0,9,86
auditor_1001,Trust and Co,DE,CIA,Financial Audit,17,23,13
auditor_1002,Nordic Audit Partners,DE,State Authorised,IT Audit,10,2,206
auditor_1003,Capital Assurance,FR,State Authorised,Sustainability,5,17,226
auditor_1004,Atlas Audit,FI,CIA,IT Audit,1,4,73
auditor_1005,Prime Advisory,ES,CISA,Tax,13,2,0
auditor_1006,Integrity Audit,DK,None,Financial Audit,5,23,216
auditor_1007,Capital Assurance,ES,State Authorised,Tax,5,13,212
auditor_1008,Prime Advisory,IT,None,Sustainability,0,14,135
auditor_1009,North Continental,FI,None,Forensics,10,12,122
auditor_1010,Capital Assurance,IT,CPA,IT Audit,0,11,156
auditor_1011,Prime Advisory,DE,ACCA,Internal Control,3,18,155
auditor_1012,Global Assurance,NO,None,Tax,6,19,42
auditor_1013,Global Assurance,GB,State Authorised,Financial Audit,6,24,132
auditor_1014,Integrity Audit,NO,State Authorised,Tax,5,20,177
auditor_1015,Nordic Audit Partners,NL,ACCA,Internal Control,0,29,93
auditor_1016,Nordic Audit Partners,NO,None,IT Audit,10,29,10
auditor_1017,Copenhagen Review,DE,ACCA,IT Audit,4,15,57
auditor_1018,Capital Assurance,SE,CISA,Financial Audit,16,9,75
auditor_1019,Prime Advisory,NO,CPA,Tax,9,5,88
auditor_1020,Trust and Co,GB,CPA,Financial Audit,9,14,112
auditor_1021,Capital Assurance,FI,None,Forensics,5,2,145
auditor_1022,Capital Assurance,NL,State Authorised,Internal Control,16,18,138
auditor_1023,Copenhagen Review,ES,ACCA,IT Audit,11,5,256
auditor_1024,Nordic Audit Partners,SE,CIA,Financial Audit,9,34,61
auditor_1025,Copenhagen Review,IT,State Authorised,Financial Audit,17,25,164
auditor_1026,Capital Assurance,GB,None,Internal Control,9,15,216
auditor_1027,Seaside Audit,DE,CPA,Financial Audit,8,1,30
auditor_1028,Atlas Audit,NL,CPA,IT Audit,7,21,115
auditor_1029,North Continental,DK,State Authorised,Forensics,14,1,131
auditor_1030,Capital Assurance,ES,State Authorised,Financial Audit,0,25,112
auditor_1031,Atlas Audit,ES,State Authorised,Financial Audit,10,9,222
auditor_1032,Prime Advisory,GB,CISA,Financial Audit,13,23,109
auditor_1033,Seaside Audit,SE,CIA,Financial Audit,10,10,188
auditor_1034,North Continental,NL,State Authorised,Financial Audit,16,28,61
auditor_1035,Trust and Co,DE,CPA,IT Audit,9,5,165
auditor_1036,Prime Advisory,DE,ACCA,IT Audit,10,1,27
auditor_1037,Seaside Audit,GB,State Authorised,Financial Audit,6,14,23
auditor_1038,Global Assurance,ES,State Authorised,Tax,9,20,104
auditor_1039,Global Assurance,IT,State Authorised,Tax,4,28,252
auditor_1040,Capital Assurance,ES,State Authorised,Tax,5,11,159
auditor_1041,Integrity Audit,IT,State Authorised,Tax,6,16,179
auditor_1042,North Continental,GB,ACCA,Forensics,0,31,125
auditor_1043,North Continental,NO,CPA,Financial Audit,5,17,116
auditor_1044,Seaside Audit,ES,State Authorised,Forensics,0,32,123
auditor_1045,Integrity Audit,NL,None,Financial Audit,10,27,38
auditor_1046,Atlas Audit,NO,State Authorised,Financial Audit,10,15,187
auditor_1047,Copenhagen Review,GB,CPA,Internal Control,0,17,71
auditor_1048,Integrity Audit,FI,CIA,Sustainability,10,22,63
auditor_1049,Capital Assurance,FI,ACCA,Forensics,4,16,48
auditor_1050,Atlas Audit,NO,State Authorised,Financial Audit,12,14,0
auditor_1051,Integrity Audit,FI,State Authorised,Forensics,6,7,0
auditor_1052,Copenhagen Review,DK,None,Internal Control,1,19,226
auditor_1053,Atlas Audit,FR,CPA,Financial Audit,9,11,156
auditor_1054,Global Assurance,DE,State Authorised,Tax,5,11,27
auditor_1055,North Continental,NL,ACCA,Forensics,0,14,132
auditor_1056,Prime Advisory,SE,State Authorised,Financial Audit,7,13,44
auditor_1057,Prime Advisory,NL,ACCA,Financial Audit,11,4,182
auditor_1058,Integrity Audit,IT,State Authorised,IT Audit,2,10,2
auditor_1059,Capital Assurance,GB,State Authorised,Financial Audit,5,27,161
auditor_1060,Prime Advisory,GB,State Authorised,Financial Audit,12,23,31
auditor_1061,Capital Assurance,FR,ACCA,Financial Audit,6,10,226
auditor_1062,Integrity Audit,FR,CPA,Financial Audit,2,26,191
auditor_1063,Copenhagen Review,SE,CISA,Sustainability,17,13,176
auditor_1064,Trust and Co,ES,State Authorised,Tax,19,11,0
auditor_1065,Global Assurance,SE,None,Tax,0,25,0
auditor_1066,Nordic Audit Partners,IT,CPA,Tax,6,22,134
auditor_1067,Prime Advisory,DK,CPA,IT Audit,10,20,222
auditor_1068,Atlas Audit,FR,CIA,Financial Audit,3,11,58
auditor_1069,Seaside Audit,FI,None,IT Audit,12,27,156
auditor_1070,Integrity Audit,NO,ACCA,IT Audit,13,6,253
auditor_1071,Seaside Audit,NL,CPA,Forensics,15,25,262
auditor_1072,Copenhagen Review,NO,CISA,Financial Audit,0,12,61
auditor_1073,Trust and Co,NO,CPA,IT Audit,11,7,180
auditor_1074,Trust and Co,FR,None,Financial Audit,14,24,142
auditor_1075,North Continental,FI,State Authorised,Financial Audit,3,9,219
auditor_1076,Nordic Audit Partners,FI,CPA,Tax,11,17,86
auditor_1077,Seaside Audit,FR,None,Sustainability,0,7,272
auditor_1078,Nordic Audit Partners,NL,State Authorised,Internal Control,1,19,200
auditor_1079,Integrity Audit,DE,CPA,IT Audit,1,19,195
auditor_1080,Seaside Audit,GB,ACCA,Forensics,8,46,0
auditor_1081,Global Assurance,ES,State Authorised,Internal Control,13,16,181
auditor_1082,Prime Advisory,ES,ACCA,Tax,10,10,138
auditor_1083,Capital Assurance,FR,CISA,Sustainability,0,24,143
auditor_1084,Nordic Audit Partners,ES,None,Financial Audit,11,28,149
auditor_1085,Prime Advisory,SE,CPA,Financial Audit,8,9,63
auditor_1086,Trust and Co,NO,State Authorised,IT Audit,13,32,100
auditor_1087,Global Assurance,FI,ACCA,Financial Audit,8,8,213
auditor_1088,Global Assurance,FR,CIA,IT Audit,11,37,49
auditor_1089,Copenhagen Review,NO,CPA,Financial Audit,6,20,171
auditor_1090,Prime Advisory,DK,State Authorised,IT Audit,6,9,190
auditor_1091,Trust and Co,ES,State Authorised,IT Audit,11,8,228
auditor_1092,Nordic Audit Partners,NO,State Authorised,Financial Audit,13,19,126
auditor_1093,Seaside Audit,IT,None,Forensics,10,9,122
auditor_1094,Integrity Audit,SE,State Authorised,IT Audit,0,26,0
auditor_1095,North Continental,FR,State Authorised,Tax,15,14,103
auditor_1096,Copenhagen Review,NO,CISA,Tax,4,15,233
auditor_1097,Trust and Co,IT,CIA,Financial Audit,0,30,147
auditor_1098,Capital Assurance,FR,CPA,Financial Audit,1,7,254
auditor_1099,Seaside Audit,GB,State Authorised,Financial Audit,3,6,210
auditor_1100,Atlas Audit,ES,CIA,Tax,9,8,137
auditor_1101,Copenhagen Review,SE,State Authorised,Sustainability,2,29,204
auditor_1102,Copenhagen Review,DK,None,IT Audit,10,21,260
auditor_1103,Global Assurance,SE,ACCA,Financial Audit,7,6,155
auditor_1104,Copenhagen Review,ES,CISA,Sustainability,18,7,91
auditor_1105,Seaside Audit,ES,ACCA,Sustainability,10,17,41
auditor_1106,Atlas Audit,GB,State Authorised,Tax,13,41,135
auditor_1107,Seaside Audit,NL,CPA,Tax,3,2,140
auditor_1108,Copenhagen Review,SE,ACCA,Financial Audit,13,22,119
auditor_1109,Prime Advisory,SE,State Authorised,Sustainability,5,7,186
auditor_1110,Seaside Audit,DE,State Authorised,Forensics,12,2,247
auditor_1111,Nordic Audit Partners,IT,CPA,IT Audit,10,31,12
auditor_1112,Seaside Audit,FI,CIA,Financial Audit,1,16,160
auditor_1113,Capital Assurance,SE,State Authorised,Forensics,16,25,100
auditor_1114,Integrity Audit,DE,None,Financial Audit,2,30,42
auditor_1115,Capital Assurance,IT,State Authorised,Forensics,16,15,247
auditor_1116,Prime Advisory,GB,CPA,IT Audit,11,16,78
auditor_1117,Trust and Co,NL,CPA,IT Audit,6,22,126
auditor_1118,Integrity Audit,IT,State Authorised,Forensics,5,16,126
auditor_1119,Trust and Co,SE,CIA,Financial Audit,0,22,41
auditor_1120,Trust and Co,SE,State Authorised,Financial Audit,2,1,0
auditor_1121,Capital Assurance,ES,CPA,Forensics,1,10,276
auditor_1122,Nordic Audit Partners,NO,ACCA,Forensics,5,19,152
auditor_1123,Global Assurance,NO,ACCA,IT Audit,8,17,24
auditor_1124,Global Assurance,SE,State Authorised,Financial Audit,15,36,0
auditor_1125,Copenhagen Review,DK,CIA,Internal Control,2,15,42
auditor_1126,Seaside Audit,IT,CIA,Financial Audit,10,10,293
auditor_1127,Copenhagen Review,DK,None,Tax,13,20,202
auditor_1128,North Continental,FR,State Authorised,Sustainability,13,12,54
auditor_1129,Atlas Audit,DE,State Authorised,Tax,8,26,131
auditor_1130,Atlas Audit,ES,CIA,IT Audit,0,9,114
auditor_1131,Nordic Audit Partners,NL,State Authorised,Financial Audit,7,37,9
auditor_1132,Trust and Co,SE,None,Tax,10,32,301
auditor_1133,Capital Assurance,GB,ACCA,Financial Audit,5,22,165
auditor_1134,Nordic Audit Partners,SE,None,IT Audit,8,17,154
auditor_1135,Atlas Audit,IT,State Authorised,Internal Control,0,24,130
auditor_1136,Integrity Audit,FI,CPA,Financial Audit,6,38,66
auditor_1137,Seaside Audit,IT,State Authorised,Financial Audit,5,37,53
auditor_1138,Atlas Audit,SE,CPA,IT Audit,5,16,187
auditor_1139,Capital Assurance,SE,CISA,Internal Control,9,5,77
auditor_1140,Atlas Audit,IT,State Authorised,Financial Audit,4,17,154
auditor_1141,Seaside Audit,IT,ACCA,Financial Audit,10,1,205
auditor_1142,Capital Assurance,FR,CIA,Sustainability,9,31,155
auditor_1143,Nordic Audit Partners,FR,State Authorised,Financial Audit,13,22,227
auditor_1144,Prime Advisory,FI,CISA,Financial Audit,10,17,301
auditor_1145,Capital Assurance,ES,CPA,Forensics,12,23,17
auditor_1146,Integrity Audit,FI,State Authorised,Financial Audit,1,20,131
auditor_1147,Capital Assurance,SE,CPA,Financial Audit,4,19,247
auditor_1148,Capital Assurance,NL,State Authorised,IT Audit,11,6,111
auditor_1149,Trust and Co,FI,ACCA,Financial Audit,3,14,86
auditor_1150,Prime Advisory,DE,State Authorised,Financial Audit,5,5,109
auditor_1151,Prime Advisory,IT,ACCA,Tax,5,1,284
auditor_1152,Global Assurance,SE,CIA,Forensics,13,14,121
auditor_1153,Copenhagen Review,DK,CISA,IT Audit,2,34,271
auditor_1154,Nordic Audit Partners,FR,ACCA,Financial Audit,8,28,134
auditor_1155,Copenhagen Review,DE,ACCA,Internal Control,1,13,130
auditor_1156,Atlas Audit,DE,ACCA,Tax,5,15,112
auditor_1157,Trust and Co,DK,CPA,Financial Audit,7,18,35
auditor_1158,Atlas Audit,DK,CPA,Financial Audit,4,5,198
auditor_1159,Trust and Co,FR,None,Forensics,0,29,230
auditor_1160,North Continental,NL,CIA,Financial Audit,6,1,91
auditor_1161,Prime Advisory,GB,CPA,Financial Audit,7,7,78
auditor_1162,Copenhagen Review,DE,State Authorised,Financial Audit,15,24,46
auditor_1163,Integrity Audit,FR,None,Financial Audit,0,14,102
auditor_1164,Trust and Co,FR,ACCA,Financial Audit,10,12,160
auditor_1165,Capital Assurance,NL,None,Financial Audit,17,26,116
auditor_1166,Trust and Co,IT,State Authorised,IT Audit,7,14,214
auditor_1167,Prime Advisory,SE,CIA,Tax,4,18,124
auditor_1168,Atlas Audit,GB,None,Financial Audit,5,4,145
auditor_1169,Trust and Co,FR,CISA,Financial Audit,7,23,77
auditor_1170,North Continental,NO,None,Tax,14,9,256
auditor_1171,Atlas Audit,ES,CIA,Tax,0,22,158
auditor_1172,Integrity Audit,DE,CPA,IT Audit,4,22,222
auditor_1173,Seaside Audit,SE,CIA,Financial Audit,0,23,0
auditor_1174,Integrity Audit,FR,CISA,Financial Audit,3,34,73
auditor_1175,Capital Assurance,DE,ACCA,IT Audit,2,16,285
auditor_1176,Integrity Audit,NL,State Authorised,Financial Audit,0,7,239
auditor_1177,Copenhagen Review,FI,CPA,Forensics,17,16,20
auditor_1178,Atlas Audit,NO,None,Financial Audit,18,33,174
auditor_1179,Capital Assurance,ES,ACCA,Tax,3,17,107
auditor_1180,Global Assurance,GB,CPA,IT Audit,9,32,190
auditor_1181,Trust and Co,NO,CPA,Sustainability,2,31,145
auditor_1182,Seaside Audit,IT,CPA,Tax,11,32,31
auditor_1183,Global Assurance,SE,State Authorised,Financial Audit,7,12,0
auditor_1184,Capital Assurance,DE,CIA,IT Audit,9,43,0
auditor_1185,Seaside Audit,DE,None,Tax,7,24,129
auditor_1186,Capital Assurance,IT,CPA,IT Audit,7,5,138
auditor_1187,Trust and Co,NO,None,Financial Audit,4,1,215
auditor_1188,Prime Advisory,DE,None,Forensics,12,18,138
auditor_1189,Global Assurance,FI,State Authorised,Financial Audit,13,20,192
auditor_1190,Global Assurance,FR,CPA,Financial Audit,6,31,145
auditor_1191,Seaside Audit,ES,CISA,Financial Audit,8,5,142
auditor_1192,Integrity Audit,IT,State Authorised,Forensics,3,11,54
auditor_1193,Seaside Audit,DE,State Authorised,Tax,2,39,226
auditor_1194,North Continental,NO,State Authorised,Tax,17,5,125
auditor_1195,Nordic Audit Partners,DK,CIA,Sustainability,1,11,46
auditor_1196,Capital Assurance,FR,ACCA,Sustainability,14,14,205
auditor_1197,Integrity Audit,ES,ACCA,Internal Control,11,41,1
auditor_1198,Atlas Audit,NO,CPA,IT Audit,14,29,42
auditor_1199,Copenhagen Review,GB,CPA,Forensics,13,21,101
auditor_1200,Integrity Audit,NL,ACCA,Financial Audit,3,10,283
auditor_1201,Global Assurance,FR,State Authorised,Financial Audit,8,25,56
auditor_1202,Trust and Co,DE,State Authorised,IT Audit,4,28,12
auditor_1203,Trust and Co,NL,State Authorised,IT Audit,5,18,128
auditor_1204,North Continental,FR,State Authorised,Tax,7,21,175
auditor_1205,Integrity Audit,IT,State Authorised,Financial Audit,11,8,97
auditor_1206,Capital Assurance,FI,ACCA,IT Audit,13,26,10
auditor_1207,Seaside Audit,FI,State Authorised,Tax,9,1,123
auditor_1208,Seaside Audit,GB,State Authorised,Financial Audit,17,8,53
auditor_1209,Prime Advisory,ES,CISA,Sustainability,11,2,69
auditor_1210,Integrity Audit,DE,CPA,IT Audit,10,11,101
auditor_1211,Integrity Audit,GB,State Authorised,Financial Audit,11,22,141
auditor_1212,Trust and Co,DE,State Authorised,IT Audit,6,21,110
auditor_1213,North Continental,DE,CIA,IT Audit,10,13,105
auditor_1214,Capital Assurance,DK,State Authorised,Internal Control,3,17,55
auditor_1215,Nordic Audit Partners,NO,None,Financial Audit,2,20,137
auditor_1216,Trust and Co,FR,CIA,Financial Audit,11,13,152
auditor_1217,Trust and Co,DK,ACCA,Financial Audit,10,22,53
auditor_1218,Integrity Audit,FR,None,IT Audit,8,21,120
auditor_1219,Nordic Audit Partners,NL,State Authorised,Tax,0,19,297
auditor_1220,Trust and Co,DK,State Authorised,Financial Audit,6,10,149
auditor_1221,Atlas Audit,FR,State Authorised,Sustainability,9,29,19
auditor_1222,Integrity Audit,GB,CISA,Financial Audit,11,23,108
auditor_1223,Prime Advisory,GB,CISA,Financial Audit,9,28,189
auditor_1224,Nordic Audit Partners,FI,ACCA,Tax,2,26,114
auditor_1225,Atlas Audit,FI,ACCA,Forensics,8,18,107
auditor_1226,Integrity Audit,NL,State Authorised,Tax,13,17,30
auditor_1227,Atlas Audit,ES,State Authorised,IT Audit,6,19,218
auditor_1228,Integrity Audit,FI,ACCA,Financial Audit,11,9,318
auditor_1229,Prime Advisory,SE,State Authorised,Financial Audit,9,30,107
auditor_1230,Nordic Audit Partners,NO,CISA,IT Audit,10,26,217
auditor_1231,Seaside Audit,FI,State Authorised,Financial Audit,13,26,94
auditor_1232,North Continental,IT,State Authorised,Tax,5,21,194
auditor_1233,Prime Advisory,NO,ACCA,Forensics,6,28,236
auditor_1234,Capital Assurance,DK,State Authorised,Forensics,3,9,108
auditor_1235,Atlas Audit,SE,State Authorised,Financial Audit,9,12,228
auditor_1236,Atlas Audit,NL,CISA,Financial Audit,10,18,5
auditor_1237,Prime Advisory,DK,CIA,Financial Audit,1,20,0
auditor_1238,Trust and Co,DE,None,IT Audit,13,16,379
auditor_1239,North Continental,ES,State Authorised,Forensics,19,16,111
auditor_1240,Prime Advisory,IT,State Authorised,Financial Audit,12,35,0
auditor_1241,North Continental,DE,None,IT Audit,0,11,166
auditor_1242,Atlas Audit,NO,State Authorised,Financial Audit,10,28,24
auditor_1243,Integrity Audit,DE,CPA,IT Audit,0,26,53
auditor_1244,Atlas Audit,GB,CIA,Sustainability,0,19,183
auditor_1245,Copenhagen Review,NL,CISA,Financial Audit,7,13,107
auditor_1246,Global Assurance,ES,CISA,Financial Audit,6,4,62
auditor_1247,North Continental,ES,State Authorised,Financial Audit,10,21,133
auditor_1248,Seaside Audit,NL,State Authorised,IT Audit,3,16,0
auditor_1249,Global Assurance,DK,CISA,Financial Audit,8,32,2
auditor_1250,Nordic Audit Partners,FI,State Authorised,Financial Audit,5,21,220
auditor_1251,Nordic Audit Partners,IT,CPA,Financial Audit,5,11,0
auditor_1252,North Continental,ES,CPA,IT Audit,8,38,142
auditor_1253,Nordic Audit Partners,NL,State Authorised,Tax,7,21,119
auditor_1254,Nordic Audit Partners,FI,CIA,Sustainability,3,26,138
auditor_1255,Global Assurance,FR,CISA,Financial Audit,8,8,224
auditor_1256,Atlas Audit,GB,CISA,Tax,11,12,200
auditor_1257,Nordic Audit Partners,IT,State Authorised,Financial Audit,5,10,59
auditor_1258,Global Assurance,DE,State Authorised,Financial Audit,0,22,0
auditor_1259,Atlas Audit,SE,State Authorised,Financial Audit,1,1,113
auditor_1260,Seaside Audit,FI,State Authorised,Forensics,7,14,36
auditor_1261,Copenhagen Review,NO,CPA,IT Audit,2,22,75
auditor_1262,Global Assurance,IT,ACCA,IT Audit,9,9,134
auditor_1263,Seaside Audit,SE,State Authorised,Financial Audit,14,23,87
auditor_1264,Seaside Audit,ES,State Authorised,Financial Audit,9,15,120
auditor_1265,Copenhagen Review,FR,None,Sustainability,6,16,136
auditor_1266,Atlas Audit,NL,CISA,Financial Audit,3,7,8
auditor_1267,Seaside Audit,NL,CPA,IT Audit,0,5,132
auditor_1268,Prime Advisory,GB,CISA,Sustainability,3,23,122
auditor_1269,Integrity Audit,NL,None,Financial Audit,0,24,184
auditor_1270,Seaside Audit,DK,CIA,Internal Control,3,22,51
auditor_1271,Copenhagen Review,DK,CPA,Internal Control,8,5,0
auditor_1272,Integrity Audit,DK,State Authorised,Financial Audit,6,16,88
auditor_1273,Capital Assurance,DK,CISA,Internal Control,2,14,141
auditor_1274,Integrity Audit,ES,CPA,IT Audit,7,19,66
auditor_1275,Copenhagen Review,NO,State Authorised,IT Audit,13,6,159
auditor_1276,Trust and Co,NO,State Authorised,Sustainability,13,22,103
auditor_1277,Prime Advisory,FI,State Authorised,Financial Audit,5,28,6
auditor_1278,Copenhagen Review,GB,CPA,Financial Audit,3,14,219
auditor_1279,Global Assurance,NL,CISA,Financial Audit,9,8,95
auditor_1280,Copenhagen Review,SE,CPA,Financial Audit,4,10,198
auditor_1281,Copenhagen Review,GB,State Authorised,Financial Audit,1,34,186
auditor_1282,Capital Assurance,NL,None,Financial Audit,13,13,108
auditor_1283,Global Assurance,FI,CIA,Tax,0,12,159
auditor_1284,Nordic Audit Partners,GB,State Authorised,IT Audit,14,6,90
auditor_1285,Capital Assurance,ES,CPA,Financial Audit,7,4,167
auditor_1286,Prime Advisory,NO,State Authorised,Tax,4,16,83
auditor_1287,Seaside Audit,FR,CISA,IT Audit,4,17,102
auditor_1288,Global Assurance,FI,ACCA,Tax,6,10,145
auditor_1289,Trust and Co,NO,State Authorised,IT Audit,16,19,199
auditor_1290,Nordic Audit Partners,ES,ACCA,Financial Audit,1,19,32
auditor_1291,Atlas Audit,GB,CISA,Financial Audit,0,10,215
auditor_1292,Trust and Co,FR,CPA,IT Audit,12,20,0
auditor_1293,Copenhagen Review,FI,CPA,Internal Control,7,21,134
auditor_1294,Atlas Audit,FI,State Authorised,Financial Audit,0,9,114
auditor_1295,Seaside Audit,NL,CIA,IT Audit,10,1,107
auditor_1296,Global Assurance,GB,ACCA,Financial Audit,8,26,175
auditor_1297,Capital Assurance,NL,CPA,Financial Audit,10,10,0
auditor_1298,Integrity Audit,NO,None,IT Audit,6,28,231
auditor_1299,North Continental,IT,State Authorised,Financial Audit,11,22,150
auditor_1300,Prime Advisory,FI,CIA,Financial Audit,5,16,253
auditor_1301,Global Assurance,SE,CIA,Financial Audit,3,34,94
auditor_1302,Copenhagen Review,NO,None,Tax,14,3,166
auditor_1303,Nordic Audit Partners,NL,CIA,Financial Audit,4,3,137
auditor_1304,North Continental,FR,State Authorised,Financial Audit,13,9,0
auditor_1305,Atlas Audit,FI,State Authorised,IT Audit,7,17,163
auditor_1306,Integrity Audit,ES,ACCA,Tax,12,17,268
auditor_1307,Trust and Co,DK,ACCA,Sustainability,9,14,0
auditor_1308,Atlas Audit,DK,State Authorised,Financial Audit,6,14,196
auditor_1309,Prime Advisory,IT,State Authorised,IT Audit,10,6,133
auditor_1310,Nordic Audit Partners,SE,ACCA,Financial Audit,11,33,191
auditor_1311,Capital Assurance,SE,State Authorised,Sustainability,11,18,151
auditor_1312,Seaside Audit,FI,None,IT Audit,14,4,92
auditor_1313,Global Assurance,NL,ACCA,IT Audit,4,21,218
auditor_1314,Global Assurance,NO,State Authorised,Internal Control,5,1,87
auditor_1315,Atlas Audit,DK,State Authorised,Sustainability,12,23,154
auditor_1316,Integrity Audit,NL,ACCA,Tax,6,5,161
auditor_1317,Nordic Audit Partners,NL,CIA,Financial Audit,3,39,165
auditor_1318,Integrity Audit,FI,None,Internal Control,5,11,112
auditor_1319,Integrity Audit,DK,CPA,Sustainability,6,29,134
auditor_1320,Nordic Audit Partners,ES,None,Financial Audit,4,36,123
auditor_1321,Capital Assurance,GB,CIA,Financial Audit,11,11,149
auditor_1322,Seaside Audit,ES,None,IT Audit,9,1,281
auditor_1323,Prime Advisory,GB,State Authorised,Financial Audit,14,14,31
auditor_1324,Integrity Audit,IT,State Authorised,IT Audit,9,18,148
auditor_1325,Prime Advisory,NO,CPA,Forensics,8,23,235
auditor_1326,Prime Advisory,NO,State Authorised,Forensics,10,7,229
auditor_1327,Atlas Audit,NO,ACCA,Sustainability,16,49,30
auditor_1328,Trust and Co,IT,None,Financial Audit,9,1,164
auditor_1329,Atlas Audit,ES,None,Financial Audit,5,37,58
auditor_1330,Capital Assurance,NO,CIA,Tax,0,13,0
auditor_1331,Seaside Audit,GB,State Authorised,Tax,11,1,122
auditor_1332,Integrity Audit,NO,CISA,Financial Audit,0,14,251
auditor_1333,Trust and Co,DK,CISA,IT Audit,9,9,117
auditor_1334,Integrity Audit,IT,CPA,Financial Audit,8,22,10
auditor_1335,Prime Advisory,FI,CIA,Financial Audit,10,1,69
auditor_1336,North Continental,NO,CPA,IT Audit,5,24,121
auditor_1337,Capital Assurance,NO,None,IT Audit,0,8,135
auditor_1338,Trust and Co,NO,State Authorised,Financial Audit,7,12,81
auditor_1339,Nordic Audit Partners,DE,None,Financial Audit,11,12,112
auditor_1340,Prime Advisory,FI,State Authorised,Sustainability,18,3,0
auditor_1341,North Continental,IT,ACCA,Financial Audit,11,11,94
auditor_1342,North Continental,FI,ACCA,Tax,4,15,247
auditor_1343,Copenhagen Review,GB,CIA,Financial Audit,12,26,6
auditor_1344,Copenhagen Review,IT,CPA,Forensics,2,1,55
auditor_1345,Nordic Audit Partners,ES,State Authorised,IT Audit,12,23,102
auditor_1346,Nordic Audit Partners,FI,CPA,Financial Audit,7,11,136
auditor_1347,Nordic Audit Partners,ES,ACCA,Tax,11,1,143
auditor_1348,Nordic Audit Partners,FI,State Authorised,Financial Audit,12,13,176
auditor_1349,Integrity Audit,DE,ACCA,Financial Audit,22,16,151
auditor_1350,Copenhagen Review,DK,CIA,Sustainability,4,19,156
auditor_1351,North Continental,FR,State Authorised,IT Audit,8,7,136
auditor_1352,Trust and Co,IT,None,Forensics,15,22,196
auditor_1353,Trust and Co,GB,ACCA,IT Audit,6,25,142
auditor_1354,Trust and Co,FR,CPA,Tax,3,21,40
auditor_1355,Prime Advisory,FR,State Authorised,Financial Audit,4,19,143
auditor_1356,Trust and Co,SE,State Authorised,Forensics,2,28,165
auditor_1357,Capital Assurance,SE,CPA,Financial Audit,4,2,108
auditor_1358,Atlas Audit,IT,None,Financial Audit,5,19,90
auditor_1359,Seaside Audit,DK,CISA,Sustainability,0,14,95
auditor_1360,Copenhagen Review,NO,State Authorised,Financial Audit,11,11,254
auditor_1361,Nordic Audit Partners,GB,State Authorised,Tax,0,31,102
auditor_1362,North Continental,DE,CPA,Financial Audit,12,18,211
auditor_1363,Trust and Co,FI,State Authorised,Tax,6,7,233
auditor_1364,Nordic Audit Partners,FR,ACCA,IT Audit,7,20,218
auditor_1365,Nordic Audit Partners,IT,None,Financial Audit,2,23,72
auditor_1366,Copenhagen Review,FR,ACCA,Financial Audit,7,18,0
auditor_1367,Copenhagen Review,IT,State Authorised,Sustainability,4,31,190
auditor_1368,Integrity Audit,IT,CPA,Tax,7,20,96
auditor_1369,Prime Advisory,DK,State Authorised,Financial Audit,14,15,138
auditor_1370,Capital Assurance,DK,State Authorised,Financial Audit,13,10,244
auditor_1371,Copenhagen Review,IT,State Authorised,Sustainability,0,34,90
auditor_1372,Nordic Audit Partners,SE,ACCA,Financial Audit,6,1,83
auditor_1373,Integrity Audit,IT,CIA,Forensics,2,11,109
auditor_1374,Copenhagen Review,ES,State Authorised,IT Audit,12,20,144
auditor_1375,Copenhagen Review,NL,None,Financial Audit,2,9,263
auditor_1376,Integrity Audit,NL,ACCA,Financial Audit,4,34,100
auditor_1377,Global Assurance,GB,CISA,Financial Audit,8,28,221
auditor_1378,North Continental,NO,State Authorised,Sustainability,7,14,115
auditor_1379,Capital Assurance,ES,ACCA,Financial Audit,9,26,120
auditor_1380,Prime Advisory,IT,State Authorised,IT Audit,11,34,150
auditor_1381,Atlas Audit,SE,ACCA,Forensics,9,2,0
auditor_1382,Integrity Audit,GB,CPA,Financial Audit,9,17,78
auditor_1383,Atlas Audit,IT,None,Financial Audit,9,17,210
auditor_1384,Trust and Co,IT,CPA,IT Audit,8,10,199
auditor_1385,North Continental,FR,CISA,Sustainability,6,23,81
auditor_1386,Prime Advisory,DE,None,Financial Audit,4,18,121
auditor_1387,Nordic Audit Partners,FR,CPA,Financial Audit,10,15,0
auditor_1388,Prime Advisory,IT,None,Financial Audit,5,25,96
auditor_1389,Capital Assurance,NL,CPA,Forensics,6,27,63
auditor_1390,Nordic Audit Partners,FI,CIA,Financial Audit,0,16,81
auditor_1391,Global Assurance,DE,State Authorised,IT Audit,3,16,159
auditor_1392,Nordic Audit Partners,SE,CIA,Financial Audit,7,21,265
auditor_1393,Copenhagen Review,IT,None,Tax,6,20,79
auditor_1394,Prime Advisory,NL,CISA,Sustainability,3,12,81
auditor_1395,North Continental,FR,CISA,Forensics,9,41,62
auditor_1396,North Continental,NO,CPA,Sustainability,5,17,151
auditor_1397,Atlas Audit,NL,ACCA,Tax,9,30,0
auditor_1398,Nordic Audit Partners,ES,State Authorised,Tax,0,13,207
auditor_1399,Capital Assurance,ES,CPA,Financial Audit,0,1,165
auditor_1400,Capital Assurance,NL,State Authorised,Financial Audit,9,7,41
auditor_1401,Nordic Audit Partners,NL,None,IT Audit,3,19,69
auditor_1402,Trust and Co,IT,CPA,Financial Audit,10,1,51
auditor_1403,Global Assurance,DE,CIA,Financial Audit,2,15,76
auditor_1404,Nordic Audit Partners,DE,ACCA,IT Audit,11,1,123
auditor_1405,Prime Advisory,NL,ACCA,Internal Control,10,36,81
auditor_1406,Prime Advisory,ES,State Authorised,Financial Audit,9,1,0
auditor_1407,Nordic Audit Partners,FI,None,Financial Audit,12,17,214
auditor_1408,Nordic Audit Partners,FR,None,Financial Audit,1,23,269
auditor_1409,Capital Assurance,FR,CIA,IT Audit,10,20,120
auditor_1410,Capital Assurance,NO,CISA,Financial Audit,0,31,71
auditor_1411,Atlas Audit,NO,State Authorised,Financial Audit,10,2,25
auditor_1412,Seaside Audit,ES,State Authorised,Financial Audit,15,14,236
auditor_1413,Nordic Audit Partners,IT,None,Financial Audit,7,1,191
auditor_1414,Nordic Audit Partners,SE,CPA,Forensics,5,24,122
auditor_1415,Integrity Audit,DK,CPA,Financial Audit,0,19,295
auditor_1416,Prime Advisory,NL,State Authorised,Financial Audit,10,17,206
auditor_1417,Atlas Audit,NL,CISA,Forensics,9,20,32
auditor_1418,Integrity Audit,NO,State Authorised,Financial Audit,9,28,53
auditor_1419,Copenhagen Review,ES,CPA,Financial Audit,15,17,48
auditor_1420,Capital Assurance,ES,State Authorised,Financial Audit,12,15,180
auditor_1421,Integrity Audit,IT,State Authorised,Financial Audit,6,17,159
auditor_1422,Copenhagen Review,NL,CPA,Financial Audit,9,1,30
auditor_1423,Nordic Audit Partners,FR,None,Financial Audit,12,16,78
auditor_1424,Seaside Audit,DK,State Authorised,Financial Audit,1,7,0
auditor_1425,Copenhagen Review,IT,CPA,Forensics,7,12,42
auditor_1426,North Continental,IT,ACCA,Financial Audit,7,21,287
auditor_1427,Prime Advisory,ES,State Authorised,Sustainability,0,29,197
auditor_1428,North Continental,IT,State Authorised,Tax,4,20,83
auditor_1429,North Continental,SE,ACCA,Forensics,8,33,168
auditor_1430,North Continental,FR,State Authorised,Financial Audit,10,13,1
auditor_1431,Copenhagen Review,DE,None,Financial Audit,6,30,0
auditor_1432,Capital Assurance,NL,ACCA,Financial Audit,2,19,41
auditor_1433,North Continental,SE,ACCA,IT Audit,4,13,10
auditor_1434,Trust and Co,DE,CISA,IT Audit,3,25,15
auditor_1435,Trust and Co,ES,State Authorised,Tax,0,11,178
auditor_1436,Global Assurance,NL,CPA,Financial Audit,7,13,123
auditor_1437,Integrity Audit,ES,ACCA,IT Audit,0,22,150
auditor_1438,Prime Advisory,IT,State Authorised,Financial Audit,5,28,29
auditor_1439,North Continental,GB,State Authorised,Financial Audit,13,19,93
auditor_1440,Copenhagen Review,GB,CISA,Financial Audit,7,16,217
auditor_1441,Capital Assurance,ES,CIA,Financial Audit,2,10,202
auditor_1442,Global Assurance,IT,CISA,Financial Audit,5,27,255
auditor_1443,Copenhagen Review,FR,State Authorised,Financial Audit,5,24,27
auditor_1444,North Continental,NO,State Authorised,Financial Audit,11,19,157
auditor_1445,Copenhagen Review,SE,CIA,IT Audit,4,1,160
auditor_1446,Seaside Audit,NL,ACCA,Forensics,0,14,195
auditor_1447,Global Assurance,FI,CISA,Sustainability,8,37,202
auditor_1448,Nordic Audit Partners,NO,CIA,IT Audit,4,18,116
auditor_1449,Integrity Audit,GB,CPA,Financial Audit,0,8,75
auditor_1450,Prime Advisory,NL,State Authorised,Tax,0,18,100
auditor_1451,Integrity Audit,GB,CIA,Sustainability,0,22,177
auditor_1452,Global Assurance,IT,State Authorised,Internal Control,9,14,167
auditor_1453,Seaside Audit,NO,None,Financial Audit,11,21,54
auditor_1454,Atlas Audit,DK,State Authorised,IT Audit,9,29,72
auditor_1455,Capital Assurance,SE,None,Sustainability,18,12,122
auditor_1456,Prime Advisory,GB,CIA,Financial Audit,4,20,0
auditor_1457,Capital Assurance,GB,ACCA,Financial Audit,5,7,130
auditor_1458,Prime Advisory,NO,ACCA,Financial Audit,12,24,0
auditor_1459,Seaside Audit,NL,CISA,Financial Audit,18,20,57
auditor_1460,Trust and Co,NO,State Authorised,Forensics,8,19,66
auditor_1461,Trust and Co,FR,CIA,Internal Control,8,11,87
auditor_1462,Trust and Co,SE,State Authorised,Tax,4,3,131
auditor_1463,North Continental,IT,None,IT Audit,10,23,185
auditor_1464,North Continental,ES,ACCA,Tax,9,12,187
auditor_1465,Seaside Audit,NL,State Authorised,Financial Audit,1,8,42
auditor_1466,Nordic Audit Partners,IT,ACCA,Tax,13,27,158
auditor_1467,Atlas Audit,DE,ACCA,IT Audit,13,9,147
auditor_1468,Capital Assurance,DK,None,IT Audit,7,26,110
auditor_1469,Capital Assurance,SE,CPA,Internal Control,6,23,190
auditor_1470,Global Assurance,NO,CIA,IT Audit,4,17,35
auditor_1471,Integrity Audit,FR,CPA,IT Audit,0,20,168
auditor_1472,Copenhagen Review,SE,State Authorised,Forensics,9,1,91
auditor_1473,Global Assurance,ES,CISA,Financial Audit,0,31,33
auditor_1474,Nordic Audit Partners,NL,CPA,Financial Audit,14,27,47
auditor_1475,North Continental,ES,None,IT Audit,2,21,52
auditor_1476,Capital Assurance,GB,ACCA,Internal Control,8,13,0
auditor_1477,Integrity Audit,DE,State Authorised,Forensics,0,20,75
auditor_1478,Copenhagen Review,DE,CIA,IT Audit,5,24,213
auditor_1479,Nordic Audit Partners,FR,CPA,IT Audit,6,14,160
auditor_1480,Integrity Audit,IT,State Authorised,IT Audit,1,20,164
auditor_1481,Trust and Co,ES,State Authorised,Tax,11,1,59
auditor_1482,Integrity Audit,NO,CPA,Financial Audit,3,18,158
auditor_1483,Integrity Audit,DK,CIA,IT Audit,15,13,80
auditor_1484,Copenhagen Review,NO,CIA,Financial Audit,13,20,221
auditor_1485,Trust and Co,DE,CISA,Financial Audit,9,6,13
auditor_1486,Trust and Co,ES,None,Financial Audit,0,24,215
auditor_1487,Global Assurance,NO,CPA,Tax,17,26,213
auditor_1488,North Continental,GB,CISA,Financial Audit,5,6,188
auditor_1489,North Continental,NO,State Authorised,Tax,10,19,150
auditor_1490,Capital Assurance,DK,CPA,Tax,9,30,223
auditor_1491,Global Assurance,DK,State Authorised,Financial Audit,10,26,161
auditor_1492,Integrity Audit,FR,CIA,Tax,5,25,8
auditor_1493,Atlas Audit,FI,ACCA,Forensics,13,6,142
auditor_1494,North Continental,DE,State Authorised,Sustainability,3,23,117
auditor_1495,Nordic Audit Partners,DE,None,Financial Audit,0,22,73
auditor_1496,Capital Assurance,ES,CIA,Financial Audit,12,18,151
auditor_1497,Atlas Audit,NL,None,Financial Audit,3,12,83
auditor_1498,Integrity Audit,NL,State Authorised,Tax,12,34,55
auditor_1499,Integrity Audit,IT,ACCA,Tax,13,1,24
auditor_1500,Prime Advisory,IT,CISA,IT Audit,3,4,0
auditor_1501,Trust and Co,NL,CPA,Forensics,10,15,150
auditor_1502,Global Assurance,DK,ACCA,IT Audit,11,20,172
auditor_1503,North Continental,NL,State Authorised,Financial Audit,7,6,204
auditor_1504,Prime Advisory,DK,State Authorised,Financial Audit,5,8,105
auditor_1505,Copenhagen Review,FI,None,Forensics,3,13,147
auditor_1506,Global Assurance,SE,None,Financial Audit,9,9,80
auditor_1507,Copenhagen Review,NO,None,Forensics,13,22,286
auditor_1508,Integrity Audit,DE,ACCA,Internal Control,13,29,8
auditor_1509,North Continental,DE,CISA,Forensics,11,17,75
auditor_1510,Capital Assurance,DE,State Authorised,Financial Audit,8,27,160
auditor_1511,Nordic Audit Partners,GB,ACCA,Internal Control,3,25,68
auditor_1512,Integrity Audit,DE,State Authorised,Financial Audit,9,14,102
auditor_1513,Prime Advisory,IT,ACCA,Forensics,11,7,275
auditor_1514,Global Assurance,NO,CPA,Financial Audit,0,12,149
auditor_1515,Copenhagen Review,SE,None,Tax,10,16,115
auditor_1516,Global Assurance,DK,State Authorised,IT Audit,10,15,231
auditor_1517,Integrity Audit,FR,State Authorised,IT Audit,12,26,42
auditor_1518,Nordic Audit Partners,DK,CIA,Financial Audit,7,14,39
auditor_1519,Capital Assurance,GB,CPA,IT Audit,9,12,172
auditor_1520,North Continental,FR,ACCA,Tax,2,35,48
auditor_1521,Global Assurance,ES,State Authorised,Financial Audit,9,25,74
auditor_1522,North Continental,SE,CPA,Internal Control,12,5,236
auditor_1523,Capital Assurance,NL,CIA,Financial Audit,8,12,96
auditor_1524,Global Assurance,NL,CPA,Internal Control,12,12,60
auditor_1525,Global Assurance,FR,CISA,Financial Audit,6,6,265
auditor_1526,Prime Advisory,NO,CPA,Internal Control,5,26,136
auditor_1527,Prime Advisory,DE,CIA,Sustainability,3,17,182
auditor_1528,Capital Assurance,FR,State Authorised,Forensics,7,29,201
auditor_1529,Prime Advisory,NO,State Authorised,Financial Audit,12,13,33
auditor_1530,Copenhagen Review,FI,ACCA,Financial Audit,4,19,163
auditor_1531,Atlas Audit,DE,ACCA,Internal Control,0,17,132
auditor_1532,North Continental,DK,State Authorised,Financial Audit,6,30,153
auditor_1533,Nordic Audit Partners,GB,State Authorised,Tax,14,15,194
auditor_1534,Atlas Audit,FR,None,Sustainability,16,31,32
auditor_1535,Atlas Audit,NO,CIA,Financial Audit,6,14,159
auditor_1536,Global Assurance,DK,CIA,IT Audit,11,9,125
auditor_1537,Nordic Audit Partners,FR,None,IT Audit,0,32,79
auditor_1538,Prime Advisory,NO,State Authorised,Forensics,8,14,211
auditor_1539,Integrity Audit,SE,ACCA,Financial Audit,0,17,111
auditor_1540,Copenhagen Review,SE,CISA,Financial Audit,5,35,49
auditor_1541,North Continental,IT,CISA,Financial Audit,11,21,220
auditor_1542,Prime Advisory,GB,State Authorised,Tax,4,10,207
auditor_1543,Seaside Audit,NL,State Authorised,Forensics,10,2,76
auditor_1544,Atlas Audit,NO,State Authorised,Internal Control,9,26,65
auditor_1545,Prime Advisory,DK,CPA,Financial Audit,0,23,22
auditor_1546,Global Assurance,DE,State Authorised,Financial Audit,0,1,185
auditor_1547,Capital Assurance,ES,State Authorised,Financial Audit,8,15,231
auditor_1548,Copenhagen Review,DK,State Authorised,Tax,11,34,8
auditor_1549,Copenhagen Review,GB,CISA,Financial Audit,7,1,101
auditor_1550,North Continental,SE,State Authorised,Financial Audit,6,24,123
auditor_1551,Global Assurance,IT,None,Financial Audit,11,25,292
auditor_1552,North Continental,NO,State Authorised,Forensics,6,8,139
auditor_1553,Atlas Audit,FR,ACCA,Internal Control,3,32,97
auditor_1554,Copenhagen Review,DK,CPA,Tax,5,13,177
auditor_1555,Copenhagen Review,SE,CPA,Tax,7,11,253
auditor_1556,Capital Assurance,GB,State Authorised,Financial Audit,3,18,172
auditor_1557,Global Assurance,ES,None,IT Audit,0,22,35
auditor_1558,Atlas Audit,ES,State Authorised,Tax,12,8,175
auditor_1559,Prime Advisory,DE,State Authorised,Financial Audit,13,26,140
auditor_1560,Trust and Co,FR,ACCA,Financial Audit,6,12,237
auditor_1561,Nordic Audit Partners,DK,CPA,Financial Audit,4,7,173
auditor_1562,Seaside Audit,DE,State Authorised,Tax,4,8,4
auditor_1563,North Continental,DK,State Authorised,Financial Audit,5,17,139
auditor_1564,Atlas Audit,NO,State Authorised,Financial Audit,12,23,104
auditor_1565,Atlas Audit,SE,State Authorised,Financial Audit,7,23,221
auditor_1566,North Continental,IT,CPA,Financial Audit,8,13,40
auditor_1567,Capital Assurance,FI,CISA,Financial Audit,0,24,166
auditor_1568,Global Assurance,FI,CIA,Sustainability,10,16,232
auditor_1569,Seaside Audit,FI,State Authorised,IT Audit,5,27,116
auditor_1570,Nordic Audit Partners,GB,State Authorised,Sustainability,4,23,152
auditor_1571,North Continental,NO,ACCA,Financial Audit,9,18,116
auditor_1572,Prime Advisory,NL,None,Financial Audit,19,29,177
auditor_1573,Trust and Co,DK,CIA,Financial Audit,8,28,161
auditor_1574,Trust and Co,SE,None,IT Audit,8,14,113
auditor_1575,Trust and Co,NL,State Authorised,Financial Audit,0,20,80
auditor_1576,Trust and Co,IT,None,IT Audit,15,18,24
auditor_1577,Atlas Audit,FI,State Authorised,Sustainability,7,7,157
auditor_1578,North Continental,FI,CPA,Tax,9,27,56
auditor_1579,Integrity Audit,DK,CIA,Tax,8,4,176
auditor_1580,Prime Advisory,FI,State Authorised,IT Audit,10,22,120
auditor_1581,Copenhagen Review,NO,None,Sustainability,10,34,97
auditor_1582,Seaside Audit,DK,State Authorised,IT Audit,8,7,50
auditor_1583,Atlas Audit,DK,ACCA,Financial Audit,8,29,99
auditor_1584,Global Assurance,FR,ACCA,Financial Audit,6,13,77
auditor_1585,Nordic Audit Partners,GB,None,Financial Audit,9,3,222
auditor_1586,Integrity Audit,FI,CPA,Financial Audit,4,25,18
auditor_1587,North Continental,DE,State Authorised,IT Audit,11,24,150
auditor_1588,Copenhagen Review,IT,State Authorised,IT Audit,3,20,25
auditor_1589,Trust and Co,GB,State Authorised,Sustainability,6,28,183
auditor_1590,North Continental,DK,None,Financial Audit,8,8,171
auditor_1591,Capital Assurance,ES,State Authorised,Financial Audit,8,1,182
auditor_1592,Integrity Audit,IT,CPA,Tax,7,30,32
auditor_1593,Global Assurance,IT,None,Tax,0,20,143
auditor_1594,Nordic Audit Partners,ES,None,Forensics,0,8,340
auditor_1595,Nordic Audit Partners,SE,ACCA,IT Audit,6,25,67
auditor_1596,Nordic Audit Partners,NL,ACCA,Forensics,0,16,98
auditor_1597,Global Assurance,ES,CIA,Financial Audit,6,16,141
auditor_1598,Capital Assurance,FI,CPA,Forensics,7,5,158
auditor_1599,Copenhagen Review,FI,CISA,Tax,0,1,179
auditor_1600,Capital Assurance,NL,None,IT Audit,10,17,8
auditor_1601,Seaside Audit,DE,State Authorised,Financial Audit,4,15,0
auditor_1602,North Continental,FR,CPA,Tax,4,24,234
auditor_1603,North Continental,ES,CIA,IT Audit,5,25,0
auditor_1604,Integrity Audit,FR,CPA,Tax,11,9,144
auditor_1605,Global Assurance,FI,None,IT Audit,6,31,50
auditor_1606,Global Assurance,GB,None,Financial Audit,11,15,107
auditor_1607,Global Assurance,SE,State Authorised,Financial Audit,7,9,118
auditor_1608,Trust and Co,FR,State Authorised,Financial Audit,7,20,126
auditor_1609,Nordic Audit Partners,DE,ACCA,Forensics,11,27,35
auditor_1610,Trust and Co,FR,State Authorised,Financial Audit,12,6,167
auditor_1611,Nordic Audit Partners,DE,State Authorised,Financial Audit,11,1,127
auditor_1612,Prime Advisory,ES,CPA,Financial Audit,5,10,228
auditor_1613,Capital Assurance,NL,ACCA,Forensics,4,9,126
auditor_1614,Atlas Audit,ES,ACCA,Financial Audit,11,16,213
auditor_1615,Trust and Co,DE,State Authorised,Financial Audit,10,1,77
auditor_1616,North Continental,NL,None,Tax,5,22,0
auditor_1617,Nordic Audit Partners,NO,ACCA,IT Audit,20,23,131
auditor_1618,Trust and Co,IT,None,Tax,13,41,189
auditor_1619,Integrity Audit,NO,None,Tax,12,19,108
auditor_1620,Trust and Co,NO,State Authorised,Financial Audit,5,9,65
auditor_1621,Capital Assurance,IT,State Authorised,Financial Audit,1,17,0
auditor_1622,Trust and Co,FI,CPA,Financial Audit,8,17,131
auditor_1623,Capital Assurance,NL,State Authorised,Financial Audit,5,48,228
auditor_1624,Trust and Co,ES,State Authorised,Sustainability,1,20,71
auditor_1625,Seaside Audit,FR,CISA,Internal Control,2,4,154
auditor_1626,Capital Assurance,NO,State Authorised,Tax,4,27,199
auditor_1627,Atlas Audit,NL,CPA,Financial Audit,14,9,158
auditor_1628,Integrity Audit,IT,CIA,Tax,11,13,58
auditor_1629,North Continental,NL,CIA,Tax,16,20,170
auditor_1630,Nordic Audit Partners,NO,CIA,Financial Audit,3,5,74
auditor_1631,Nordic Audit Partners,GB,CPA,Financial Audit,7,7,119
auditor_1632,Capital Assurance,SE,State Authorised,IT Audit,0,6,173
auditor_1633,Prime Advisory,IT,CPA,Tax,11,14,38
auditor_1634,Integrity Audit,FI,State Authorised,IT Audit,2,14,171
auditor_1635,North Continental,SE,None,Financial Audit,12,13,27
auditor_1636,North Continental,NL,CPA,IT Audit,9,9,78
auditor_1637,Nordic Audit Partners,NL,ACCA,Tax,14,26,132
auditor_1638,Seaside Audit,NL,ACCA,Financial Audit,1,20,205
auditor_1639,Capital Assurance,NL,State Authorised,Financial Audit,6,31,223
auditor_1640,Atlas Audit,SE,State Authorised,Sustainability,16,21,166
auditor_1641,Seaside Audit,FR,State Authorised,Tax,15,22,79
auditor_1642,Seaside Audit,GB,State Authorised,IT Audit,5,20,16
auditor_1643,Global Assurance,NO,State Authorised,IT Audit,7,28,0
auditor_1644,Atlas Audit,NL,State Authorised,Internal Control,15,29,83
auditor_1645,Seaside Audit,SE,State Authorised,Forensics,10,18,218
auditor_1646,Integrity Audit,GB,State Authorised,IT Audit,12,3,166
auditor_1647,Copenhagen Review,NO,State Authorised,Tax,6,18,61
auditor_1648,Integrity Audit,ES,ACCA,Tax,16,28,60
auditor_1649,Integrity Audit,IT,State Authorised,IT Audit,1,14,154
auditor_1650,North Continental,FI,State Authorised,Financial Audit,9,30,183
auditor_1651,Integrity Audit,DE,None,Tax,12,21,8
auditor_1652,North Continental,SE,CIA,Sustainability,7,28,115
auditor_1653,Seaside Audit,NO,ACCA,Forensics,10,14,37
auditor_1654,Prime Advisory,DK,State Authorised,Financial Audit,7,21,67
auditor_1655,Global Assurance,IT,CIA,IT Audit,6,8,209
auditor_1656,Copenhagen Review,GB,None,IT Audit,6,32,242
auditor_1657,North Continental,SE,ACCA,Tax,7,7,0
auditor_1658,Nordic Audit Partners,DE,State Authorised,Financial Audit,0,4,230
auditor_1659,Capital Assurance,FR,None,Financial Audit,8,21,0
auditor_1660,Trust and Co,DK,State Authorised,Financial Audit,2,26,142
auditor_1661,Capital Assurance,DK,State Authorised,IT Audit,7,23,250
auditor_1662,Global Assurance,ES,State Authorised,IT Audit,6,18,135
auditor_1663,Global Assurance,IT,CISA,IT Audit,19,1,174
auditor_1664,Capital Assurance,DE,State Authorised,Forensics,7,23,67
auditor_1665,Capital Assurance,SE,CPA,Financial Audit,7,25,369
auditor_1666,Trust and Co,DK,State Authorised,Financial Audit,12,9,86
auditor_1667,North Continental,GB,State Authorised,Sustainability,5,1,93
auditor_1668,Global Assurance,FI,State Authorised,Financial Audit,11,5,203
auditor_1669,Prime Advisory,ES,CPA,Tax,10,10,108
auditor_1670,Atlas Audit,ES,CIA,Forensics,15,25,120
auditor_1671,Global Assurance,GB,ACCA,Financial Audit,6,18,79
auditor_1672,Trust and Co,DK,ACCA,Financial Audit,0,38,132
auditor_1673,Capital Assurance,NO,CISA,Sustainability,9,17,61
auditor_1674,Copenhagen Review,ES,CISA,Financial Audit,7,2,302
auditor_1675,Integrity Audit,DK,CIA,Financial Audit,1,7,84
auditor_1676,Trust and Co,NO,CIA,Financial Audit,14,18,21
auditor_1677,Prime Advisory,NO,None,Financial Audit,14,25,163
auditor_1678,Global Assurance,SE,State Authorised,IT Audit,11,41,294
auditor_1679,Seaside Audit,DK,State Authorised,Financial Audit,4,34,150
auditor_1680,Atlas Audit,IT,State Authorised,Financial Audit,10,1,106
auditor_1681,Integrity Audit,DK,State Authorised,Forensics,3,26,205
auditor_1682,Global Assurance,SE,None,Financial Audit,0,17,209
auditor_1683,Prime Advisory,NO,CIA,Financial Audit,7,25,148
auditor_1684,Trust and Co,DE,None,Financial Audit,9,15,22
auditor_1685,Trust and Co,ES,CISA,IT Audit,2,25,121
auditor_1686,Atlas Audit,IT,State Authorised,Tax,7,13,95
auditor_1687,Nordic Audit Partners,ES,State Authorised,Financial Audit,13,14,12
auditor_1688,Integrity Audit,NO,None,IT Audit,11,15,122
auditor_1689,Global Assurance,FI,None,Sustainability,16,17,143
auditor_1690,North Continental,NL,CIA,Financial Audit,2,15,168
auditor_1691,Global Assurance,NO,CISA,Internal Control,0,20,128
auditor_1692,Seaside Audit,FI,CPA,Financial Audit,8,28,146
auditor_1693,Capital Assurance,SE,ACCA,IT Audit,15,8,130
auditor_1694,North Continental,NL,CIA,IT Audit,8,7,196
auditor_1695,Nordic Audit Partners,SE,State Authorised,Financial Audit,19,17,160
auditor_1696,Integrity Audit,FR,CPA,Financial Audit,8,10,0
auditor_1697,North Continental,FI,CPA,Financial Audit,4,4,256
auditor_1698,Seaside Audit,FI,None,Sustainability,7,14,191
auditor_1699,North Continental,NL,State Authorised,Internal Control,2,10,125
auditor_1700,North Continental,SE,ACCA,IT Audit,13,23,139
auditor_1701,Global Assurance,SE,State Authorised,Financial Audit,8,22,136
auditor_1702,Copenhagen Review,SE,CIA,Sustainability,2,18,34
auditor_1703,Trust and Co,SE,ACCA,Financial Audit,8,13,323
auditor_1704,Prime Advisory,IT,CISA,Financial Audit,7,3,109
auditor_1705,Prime Advisory,GB,CIA,Financial Audit,10,34,72
auditor_1706,Copenhagen Review,IT,State Authorised,Tax,0,26,9
auditor_1707,Seaside Audit,NL,ACCA,IT Audit,5,15,114
auditor_1708,Seaside Audit,FR,CPA,Financial Audit,11,11,98
auditor_1709,North Continental,SE,State Authorised,IT Audit,7,19,127
auditor_1710,Prime Advisory,NO,State Authorised,Tax,10,26,151
auditor_1711,Global Assurance,FR,CIA,Internal Control,10,2,124
auditor_1712,Seaside Audit,IT,CIA,Financial Audit,10,25,64
auditor_1713,Copenhagen Review,IT,State Authorised,Financial Audit,4,12,162
auditor_1714,Atlas Audit,FR,CISA,Financial Audit,13,13,192
auditor_1715,North Continental,FR,CPA,IT Audit,8,16,103
auditor_1716,Atlas Audit,ES,State Authorised,Tax,11,21,302
auditor_1717,Seaside Audit,SE,ACCA,Financial Audit,3,23,77
auditor_1718,Seaside Audit,FR,ACCA,Financial Audit,3,17,130
auditor_1719,Atlas Audit,DE,None,Financial Audit,22,16,29
auditor_1720,Seaside Audit,NO,State Authorised,Financial Audit,9,1,112
auditor_1721,Global Assurance,IT,CIA,Forensics,8,25,197
auditor_1722,Atlas Audit,IT,ACCA,IT Audit,5,16,58
auditor_1723,Trust and Co,ES,State Authorised,Financial Audit,2,21,18
auditor_1724,Copenhagen Review,GB,CPA,Financial Audit,5,8,163
auditor_1725,Integrity Audit,NL,State Authorised,IT Audit,17,4,0
auditor_1726,Trust and Co,NL,State Authorised,Tax,7,18,137
auditor_1727,Nordic Audit Partners,NL,ACCA,Financial Audit,5,15,149
auditor_1728,Capital Assurance,GB,ACCA,Forensics,13,1,90
auditor_1729,Prime Advisory,FI,CPA,IT Audit,9,8,258
auditor_1730,Global Assurance,DE,State Authorised,Financial Audit,4,17,164
auditor_1731,Atlas Audit,NL,State Authorised,Forensics,5,1,85
auditor_1732,Seaside Audit,IT,CPA,Financial Audit,13,14,52
auditor_1733,Nordic Audit Partners,FR,CPA,Internal Control,12,14,79
auditor_1734,Seaside Audit,IT,ACCA,IT Audit,8,25,310
auditor_1735,North Continental,SE,CIA,Financial Audit,12,29,79
auditor_1736,North Continental,ES,CISA,Forensics,2,18,128
auditor_1737,Trust and Co,IT,State Authorised,Internal Control,2,16,151
auditor_1738,Prime Advisory,FR,CPA,Internal Control,9,23,143
auditor_1739,Global Assurance,ES,State Authorised,Financial Audit,5,12,24
auditor_1740,Integrity Audit,IT,ACCA,Financial Audit,16,18,102
auditor_1741,Global Assurance,IT,State Authorised,Financial Audit,3,47,34
auditor_1742,Global Assurance,IT,CISA,IT Audit,5,22,168
auditor_1743,Prime Advisory,NL,CISA,Forensics,12,36,160
auditor_1744,Integrity Audit,ES,CISA,Financial Audit,2,15,144
auditor_1745,Atlas Audit,NL,State Authorised,Financial Audit,18,4,216
auditor_1746,Copenhagen Review,ES,ACCA,Tax,8,26,111
auditor_1747,Trust and Co,DK,CPA,IT Audit,3,25,172
auditor_1748,Trust and Co,IT,ACCA,Forensics,12,17,72
auditor_1749,North Continental,DE,None,IT Audit,0,26,153
auditor_1750,Copenhagen Review,GB,None,Tax,3,12,82
auditor_1751,Nordic Audit Partners,ES,State Authorised,IT Audit,0,9,29
auditor_1752,Prime Advisory,NO,CIA,Tax,5,10,0
auditor_1753,Seaside Audit,GB,State Authorised,Tax,18,30,57
auditor_1754,Global Assurance,FI,CISA,Financial Audit,9,22,215
auditor_1755,Integrity Audit,NO,State Authorised,IT Audit,3,28,76
auditor_1756,Seaside Audit,FI,State Authorised,Financial Audit,1,25,223
auditor_1757,Prime Advisory,DE,ACCA,IT Audit,20,6,175
auditor_1758,Seaside Audit,GB,CPA,Financial Audit,5,25,2
auditor_1759,Trust and Co,DE,State Authorised,Financial Audit,1,10,126
auditor_1760,Integrity Audit,ES,State Authorised,Sustainability,4,24,202
auditor_1761,North Continental,DK,State Authorised,Sustainability,10,34,153
auditor_1762,Capital Assurance,IT,State Authorised,Financial Audit,1,31,71
auditor_1763,Seaside Audit,NL,CIA,Sustainability,12,33,156
auditor_1764,Seaside Audit,NO,State Authorised,IT Audit,0,8,225
auditor_1765,Atlas Audit,SE,CPA,Tax,7,18,180
auditor_1766,Atlas Audit,DE,ACCA,Financial Audit,11,20,103
auditor_1767,Copenhagen Review,SE,CISA,Financial Audit,6,26,164
auditor_1768,Copenhagen Review,GB,CISA,Tax,6,28,109
auditor_1769,Seaside Audit,FI,State Authorised,Financial Audit,3,10,41
auditor_1770,Integrity Audit,FR,ACCA,Sustainability,6,30,55
auditor_1771,Nordic Audit Partners,FR,CPA,Forensics,8,11,99
auditor_1772,Global Assurance,NL,CPA,IT Audit,0,15,104
auditor_1773,Prime Advisory,DE,None,Internal Control,10,20,24
auditor_1774,Capital Assurance,FR,CIA,Tax,13,20,135
auditor_1775,Nordic Audit Partners,IT,State Authorised,Tax,7,12,137
auditor_1776,Nordic Audit Partners,FI,State Authorised,Financial Audit,10,1,76
auditor_1777,Capital Assurance,SE,CPA,Financial Audit,6,20,215
auditor_1778,North Continental,GB,State Authorised,Internal Control,4,13,78
auditor_1779,Integrity Audit,DE,State Authorised,Tax,3,14,181
auditor_1780,Prime Advisory,DE,State Authorised,Sustainability,2,22,0
auditor_1781,North Continental,NL,None,Tax,5,14,253
auditor_1782,Seaside Audit,DK,State Authorised,Financial Audit,6,1,0
auditor_1783,North Continental,FR,CIA,Sustainability,8,24,150
auditor_1784,Capital Assurance,GB,None,Tax,8,29,76
auditor_1785,Trust and Co,DE,CPA,Financial Audit,12,1,47
auditor_1786,Copenhagen Review,ES,CIA,IT Audit,0,15,116
auditor_1787,Nordic Audit Partners,DK,CPA,Financial Audit,8,18,45
auditor_1788,North Continental,NO,State Authorised,Financial Audit,7,3,229
auditor_1789,Integrity Audit,NL,CPA,Financial Audit,6,13,247
auditor_1790,Prime Advisory,ES,CIA,Tax,1,6,32
auditor_1791,Trust and Co,IT,CIA,Tax,7,22,179
auditor_1792,Capital Assurance,FR,ACCA,Tax,20,1,168
auditor_1793,Integrity Audit,NO,CIA,Tax,5,12,70
auditor_1794,Integrity Audit,FI,State Authorised,Financial Audit,3,34,187
auditor_1795,Seaside Audit,GB,None,Sustainability,8,31,0
auditor_1796,Prime Advisory,DK,None,Sustainability,1,1,64
auditor_1797,Copenhagen Review,FI,None,Internal Control,8,19,131
auditor_1798,Prime Advisory,DE,CIA,Financial Audit,0,26,139
auditor_1799,Seaside Audit,IT,ACCA,Financial Audit,11,1,144
auditor_1800,Global Assurance,NL,State Authorised,IT Audit,2,14,162
auditor_1801,Nordic Audit Partners,ES,ACCA,Sustainability,8,9,120
auditor_1802,North Continental,FR,State Authorised,Tax,0,29,103
auditor_1803,Prime Advisory,DE,State Authorised,IT Audit,13,12,78
auditor_1804,Trust and Co,GB,None,IT Audit,4,26,63
auditor_1805,Integrity Audit,FI,ACCA,Financial Audit,11,14,0
auditor_1806,Trust and Co,DK,State Authorised,Financial Audit,5,6,122
auditor_1807,Copenhagen Review,FR,None,Financial Audit,2,27,112
auditor_1808,North Continental,SE,State Authorised,Financial Audit,7,24,197
auditor_1809,Capital Assurance,GB,CIA,Tax,7,10,0
auditor_1810,Seaside Audit,IT,State Authorised,Financial Audit,4,11,128
auditor_1811,Nordic Audit Partners,DK,State Authorised,Financial Audit,6,24,70
auditor_1812,Capital Assurance,IT,None,Internal Control,7,29,147
auditor_1813,Copenhagen Review,DK,State Authorised,IT Audit,7,11,69
auditor_1814,Seaside Audit,DE,None,Forensics,3,12,180
auditor_1815,Trust and Co,ES,State Authorised,Financial Audit,6,4,261
auditor_1816,Trust and Co,ES,ACCA,Financial Audit,9,3,84
auditor_1817,North Continental,NO,State Authorised,Tax,8,35,31
auditor_1818,Seaside Audit,NO,State Authorised,Financial Audit,12,31,69
auditor_1819,Trust and Co,FR,None,Tax,6,7,103
auditor_1820,Capital Assurance,GB,State Authorised,Sustainability,7,24,207
auditor_1821,Copenhagen Review,DE,CPA,Financial Audit,4,1,118
auditor_1822,Trust and Co,NL,CIA,IT Audit,9,20,93
auditor_1823,Trust and Co,ES,None,Forensics,8,33,150
auditor_1824,North Continental,DK,State Authorised,Financial Audit,6,12,106
auditor_1825,Trust and Co,DK,ACCA,Financial Audit,16,16,118
auditor_1826,North Continental,GB,State Authorised,Sustainability,5,28,276
auditor_1827,North Continental,DK,ACCA,Internal Control,10,18,122
auditor_1828,Atlas Audit,FR,ACCA,Financial Audit,0,25,130
auditor_1829,Trust and Co,SE,State Authorised,Financial Audit,10,10,89
auditor_1830,Integrity Audit,NO,CISA,Tax,5,28,89
auditor_1831,Integrity Audit,IT,None,IT Audit,18,22,17
auditor_1832,Copenhagen Review,DK,CPA,IT Audit,7,11,0
auditor_1833,Seaside Audit,SE,State Authorised,IT Audit,15,25,162
auditor_1834,Global Assurance,NL,State Authorised,Forensics,8,4,81
auditor_1835,Global Assurance,GB,ACCA,Sustainability,12,7,0
auditor_1836,Global Assurance,NL,State Authorised,Financial Audit,6,16,130
auditor_1837,North Continental,FR,CPA,Financial Audit,11,24,140
auditor_1838,Nordic Audit Partners,NL,None,Forensics,13,2,160
auditor_1839,North Continental,NL,None,Internal Control,11,5,0
auditor_1840,Copenhagen Review,NO,State Authorised,Financial Audit,4,11,180
auditor_1841,Integrity Audit,NL,CISA,Tax,4,9,71
auditor_1842,Atlas Audit,IT,ACCA,Financial Audit,13,18,105
auditor_1843,Trust and Co,FI,None,Sustainability,7,30,60
auditor_1844,Global Assurance,DK,None,Financial Audit,14,20,107
auditor_1845,Seaside Audit,DE,CPA,Internal Control,20,7,91
auditor_1846,Trust and Co,SE,State Authorised,Tax,1,27,255
auditor_1847,Integrity Audit,IT,State Authorised,Forensics,16,30,104
auditor_1848,Capital Assurance,ES,State Authorised,Financial Audit,6,1,282
auditor_1849,Seaside Audit,FR,State Authorised,IT Audit,10,13,226
auditor_1850,Global Assurance,GB,CISA,IT Audit,3,22,106
auditor_1851,Seaside Audit,GB,State Authorised,IT Audit,11,17,3
auditor_1852,North Continental,FI,CPA,Tax,8,28,117
auditor_1853,North Continental,ES,CPA,IT Audit,11,7,117
auditor_1854,Integrity Audit,FR,ACCA,Sustainability,4,25,122
auditor_1855,North Continental,DE,State Authorised,Financial Audit,11,28,175
auditor_1856,Integrity Audit,FI,CPA,Financial Audit,9,8,119
auditor_1857,Nordic Audit Partners,ES,State Authorised,Financial Audit,5,14,90
auditor_1858,Global Assurance,ES,ACCA,Financial Audit,3,1,66
auditor_1859,Copenhagen Review,DE,ACCA,IT Audit,8,4,121
auditor_1860,Atlas Audit,DK,State Authorised,Forensics,17,28,251
auditor_1861,Trust and Co,NO,CISA,Financial Audit,9,29,62
auditor_1862,Seaside Audit,DE,State Authorised,Tax,4,1,214
auditor_1863,North Continental,IT,CISA,Financial Audit,15,12,99
auditor_1864,Trust and Co,FI,State Authorised,Tax,4,21,209
auditor_1865,Copenhagen Review,DE,None,Financial Audit,0,22,97
auditor_1866,Atlas Audit,DK,State Authorised,Financial Audit,8,22,104
auditor_1867,Trust and Co,FR,ACCA,Financial Audit,7,15,197
auditor_1868,Copenhagen Review,FR,State Authorised,Tax,10,20,18
auditor_1869,Copenhagen Review,NL,CIA,Internal Control,6,26,123
auditor_1870,Seaside Audit,DE,State Authorised,Financial Audit,11,35,203
auditor_1871,Prime Advisory,SE,CISA,Forensics,8,12,0
auditor_1872,Prime Advisory,DK,State Authorised,Forensics,7,14,151
auditor_1873,Prime Advisory,GB,CISA,Sustainability,7,14,0
auditor_1874,Atlas Audit,FI,State Authorised,Tax,3,22,257
auditor_1875,Trust and Co,FR,ACCA,Financial Audit,7,21,196
auditor_1876,Trust and Co,FR,None,IT Audit,3,21,60
auditor_1877,North Continental,IT,State Authorised,Financial Audit,12,19,143
auditor_1878,Seaside Audit,DK,State Authorised,Financial Audit,4,25,286
auditor_1879,Seaside Audit,GB,CISA,Tax,2,14,138
auditor_1880,Copenhagen Review,ES,None,Financial Audit,11,12,0
auditor_1881,Seaside Audit,FR,CPA,Tax,14,25,0
auditor_1882,North Continental,FI,CIA,IT Audit,4,33,235
auditor_1883,Seaside Audit,IT,State Authorised,Financial Audit,12,16,126
auditor_1884,Seaside Audit,FR,State Authorised,IT Audit,7,29,49
auditor_1885,Capital Assurance,FR,CIA,Financial Audit,3,28,116
auditor_1886,Integrity Audit,FI,ACCA,Financial Audit,14,11,115
auditor_1887,Atlas Audit,FI,CPA,Forensics,3,18,1
auditor_1888,Copenhagen Review,FR,State Authorised,Financial Audit,5,3,175
auditor_1889,Seaside Audit,GB,CISA,Forensics,11,1,226
auditor_1890,Capital Assurance,FR,CISA,Tax,20,18,68
auditor_1891,Copenhagen Review,FI,State Authorised,Tax,22,4,121
auditor_1892,North Continental,NO,State Authorised,Financial Audit,8,31,148
auditor_1893,North Continental,SE,CISA,Internal Control,5,8,92
auditor_1894,North Continental,DE,State Authorised,IT Audit,2,18,74
auditor_1895,Nordic Audit Partners,NL,None,Financial Audit,0,30,80
auditor_1896,Trust and Co,NO,CISA,Sustainability,1,16,125
auditor_1897,Nordic Audit Partners,SE,State Authorised,Financial Audit,0,21,36
auditor_1898,Prime Advisory,SE,CPA,IT Audit,16,23,88
auditor_1899,Capital Assurance,NL,CISA,Tax,4,16,169
auditor_1900,Atlas Audit,DE,None,Sustainability,7,15,124
auditor_1901,Atlas Audit,IT,CIA,Forensics,4,14,0
auditor_1902,North Continental,FR,None,Tax,12,20,58
auditor_1903,Global Assurance,IT,CPA,Sustainability,17,18,37
auditor_1904,Global Assurance,ES,State Authorised,Financial Audit,12,21,151
auditor_1905,Global Assurance,FI,None,Financial Audit,5,22,99
auditor_1906,Integrity Audit,FR,CISA,IT Audit,10,1,85
auditor_1907,Global Assurance,NO,CPA,Financial Audit,16,10,71
auditor_1908,Trust and Co,SE,CISA,Financial Audit,5,5,0
auditor_1909,Seaside Audit,DK,State Authorised,Tax,6,19,115
auditor_1910,Capital Assurance,DE,CPA,Financial Audit,7,18,201
auditor_1911,Capital Assurance,GB,ACCA,Forensics,7,12,97
auditor_1912,Trust and Co,ES,ACCA,Financial Audit,10,32,69
auditor_1913,Seaside Audit,GB,None,Sustainability,8,21,40
auditor_1914,Atlas Audit,NL,None,Financial Audit,8,3,0
auditor_1915,Nordic Audit Partners,ES,None,Financial Audit,9,14,136
auditor_1916,Capital Assurance,GB,None,Financial Audit,7,8,116
auditor_1917,Nordic Audit Partners,GB,CISA,Forensics,1,31,11
auditor_1918,Trust and Co,IT,State Authorised,Forensics,7,7,165
auditor_1919,Atlas Audit,DE,ACCA,Sustainability,6,12,188
auditor_1920,Atlas Audit,DE,CIA,Financial Audit,8,23,41
auditor_1921,Capital Assurance,DK,CISA,Sustainability,0,19,94
auditor_1922,Copenhagen Review,NO,CIA,Financial Audit,11,17,136
auditor_1923,Prime Advisory,ES,CPA,IT Audit,0,36,106
auditor_1924,North Continental,NL,None,Tax,11,9,144
auditor_1925,Seaside Audit,FI,None,Financial Audit,1,22,91
auditor_1926,Atlas Audit,NL,ACCA,Tax,8,24,21
auditor_1927,Trust and Co,ES,None,Financial Audit,4,22,287
auditor_1928,Global Assurance,ES,CPA,IT Audit,7,23,111
auditor_1929,Trust and Co,DK,State Authorised,Tax,17,1,127
auditor_1930,Copenhagen Review,DE,State Authorised,Tax,0,1,143
auditor_1931,Seaside Audit,ES,State Authorised,Financial Audit,8,15,111
auditor_1932,Capital Assurance,DE,CPA,Financial Audit,23,15,160
auditor_1933,Nordic Audit Partners,SE,ACCA,IT Audit,4,20,100
auditor_1934,Nordic Audit Partners,FR,State Authorised,Financial Audit,5,36,214
auditor_1935,Copenhagen Review,IT,CIA,Internal Control,8,1,91
auditor_1936,Atlas Audit,IT,State Authorised,Financial Audit,21,15,208
auditor_1937,Copenhagen Review,NO,CIA,IT Audit,15,20,52
auditor_1938,Prime Advisory,SE,State Authorised,IT Audit,0,24,54
auditor_1939,Capital Assurance,FR,State Authorised,Tax,8,5,98
auditor_1940,Seaside Audit,SE,State Authorised,Financial Audit,8,20,30
auditor_1941,Trust and Co,FR,State Authorised,Financial Audit,13,12,0
auditor_1942,Atlas Audit,GB,CPA,IT Audit,7,18,132
auditor_1943,Seaside Audit,DE,CPA,Forensics,14,15,110
auditor_1944,North Continental,FR,CIA,Financial Audit,2,26,134
auditor_1945,Trust and Co,NO,CPA,IT Audit,5,1,235
auditor_1946,North Continental,NO,None,IT Audit,1,12,148
auditor_1947,Atlas Audit,SE,CIA,IT Audit,2,3,0
auditor_1948,Nordic Audit Partners,NO,None,Financial Audit,11,12,354
auditor_1949,Global Assurance,IT,None,Financial Audit,3,8,74
auditor_1950,Capital Assurance,IT,State Authorised,IT Audit,9,13,168
auditor_1951,Global Assurance,NL,State Authorised,Financial Audit,3,4,0
auditor_1952,Integrity Audit,FR,State Authorised,Financial Audit,0,12,95
auditor_1953,Copenhagen Review,GB,State Authorised,Sustainability,4,30,218
auditor_1954,Integrity Audit,FI,State Authorised,Tax,6,1,74
auditor_1955,Nordic Audit Partners,SE,CPA,Financial Audit,5,11,64
auditor_1956,Nordic Audit Partners,GB,ACCA,Financial Audit,4,14,69
auditor_1957,North Continental,NL,CISA,IT Audit,9,21,47
auditor_1958,Copenhagen Review,NO,CISA,IT Audit,14,8,0
auditor_1959,North Continental,FR,CIA,Financial Audit,9,9,145
auditor_1960,Capital Assurance,SE,CISA,Forensics,0,31,173
auditor_1961,Seaside Audit,GB,State Authorised,Financial Audit,0,3,253
auditor_1962,Atlas Audit,DK,None,Sustainability,4,9,0
auditor_1963,Integrity Audit,SE,None,Forensics,6,15,177
auditor_1964,Copenhagen Review,DE,CPA,Financial Audit,1,2,156
auditor_1965,Atlas Audit,SE,State Authorised,IT Audit,13,2,206
auditor_1966,Copenhagen Review,DK,None,IT Audit,8,28,114
auditor_1967,North Continental,ES,None,Financial Audit,0,16,204
auditor_1968,Atlas Audit,NO,None,Financial Audit,3,14,105
auditor_1969,Prime Advisory,FI,CISA,Tax,0,34,47
auditor_1970,Copenhagen Review,FR,State Authorised,IT Audit,10,17,220
auditor_1971,Capital Assurance,GB,CPA,IT Audit,10,15,48
auditor_1972,Nordic Audit Partners,NL,ACCA,Financial Audit,11,1,171
auditor_1973,Atlas Audit,NL,ACCA,Financial Audit,2,30,132
auditor_1974,Global Assurance,ES,State Authorised,Financial Audit,11,18,0
auditor_1975,Integrity Audit,SE,State Authorised,Internal Control,3,24,133
auditor_1976,Trust and Co,DK,CPA,Financial Audit,13,22,42
auditor_1977,Nordic Audit Partners,DK,State Authorised,Financial Audit,4,19,0
auditor_1978,Trust and Co,GB,None,Financial Audit,16,22,218
auditor_1979,Global Assurance,DK,State Authorised,Tax,0,30,298
auditor_1980,Copenhagen Review,FI,ACCA,Tax,1,25,120
auditor_1981,Seaside Audit,SE,State Authorised,Financial Audit,0,22,186
auditor_1982,Atlas Audit,GB,State Authorised,Financial Audit,4,29,0
auditor_1983,Prime Advisory,DK,State Authorised,Internal Control,0,19,122
auditor_1984,Global Assurance,FI,CISA,Forensics,4,26,162
auditor_1985,Trust and Co,DE,CPA,Financial Audit,12,16,168
auditor_1986,Atlas Audit,FI,CISA,Financial Audit,5,38,54
auditor_1987,Atlas Audit,NO,CISA,IT Audit,18,18,9
auditor_1988,Seaside Audit,ES,ACCA,Financial Audit,14,19,188
auditor_1989,North Continental,IT,State Authorised,Internal Control,14,21,72
auditor_1990,Nordic Audit Partners,DK,None,IT Audit,12,18,174
auditor_1991,Copenhagen Review,DE,CISA,Financial Audit,0,22,68
auditor_1992,Capital Assurance,FI,CPA,IT Audit,16,24,139
auditor_1993,Nordic Audit Partners,NO,CIA,IT Audit,10,8,249
auditor_1994,Integrity Audit,SE,ACCA,Financial Audit,17,21,247
auditor_1995,Trust and Co,ES,None,Sustainability,5,10,123
auditor_1996,Prime Advisory,IT,CPA,Tax,10,14,163
auditor_1997,Capital Assurance,DE,None,Forensics,9,8,161
auditor_1998,Integrity Audit,FI,CIA,Financial Audit,12,19,212
auditor_1999,Prime Advisory,FR,None,Financial Audit,1,22,26
auditor_2000,Trust and Co,DK,CPA,Financial Audit,2,11,44
auditor_2001,Nordic Audit Partners,NO,ACCA,Sustainability,5,15,186
auditor_2002,North Continental,GB,CPA,Tax,6,2,211
auditor_2003,Global Assurance,ES,State Authorised,Tax,3,17,155
auditor_2004,North Continental,SE,ACCA,Tax,8,28,158
auditor_2005,Copenhagen Review,NL,ACCA,Tax,3,39,135
auditor_2006,Nordic Audit Partners,SE,ACCA,Internal Control,7,27,139
auditor_2007,North Continental,DK,State Authorised,Financial Audit,9,42,97
auditor_2008,Integrity Audit,NL,State Authorised,Tax,6,19,205
auditor_2009,Integrity Audit,FI,State Authorised,IT Audit,0,1,73
auditor_2010,Capital Assurance,DK,State Authorised,Sustainability,0,13,160
auditor_2011,Copenhagen Review,FI,State Authorised,Internal Control,3,3,125
auditor_2012,Seaside Audit,SE,None,IT Audit,12,1,185
auditor_2013,North Continental,NO,CPA,Forensics,12,27,217
auditor_2014,Copenhagen Review,IT,CPA,Financial Audit,19,14,128
auditor_2015,Trust and Co,SE,State Authorised,Internal Control,5,18,242
auditor_2016,Prime Advisory,ES,CIA,Financial Audit,1,9,230
auditor_2017,Nordic Audit Partners,ES,CPA,Forensics,13,14,188
auditor_2018,North Continental,DK,None,Forensics,9,33,125
auditor_2019,Nordic Audit Partners,NL,ACCA,Internal Control,13,44,167
auditor_2020,Integrity Audit,SE,CIA,IT Audit,8,25,90
auditor_2021,Capital Assurance,ES,CISA,Sustainability,19,19,98
auditor_2022,Prime Advisory,DK,State Authorised,Financial Audit,3,28,189
auditor_2023,North Continental,NL,State Authorised,Financial Audit,5,23,0
auditor_2024,Global Assurance,IT,CISA,Internal Control,8,22,256
auditor_2025,Prime Advisory,GB,None,Sustainability,4,5,48
auditor_2026,Prime Advisory,NO,State Authorised,Financial Audit,1,31,243
auditor_2027,Global Assurance,DK,ACCA,Tax,9,30,130
auditor_2028,Copenhagen Review,NL,CISA,Financial Audit,7,14,95
auditor_2029,North Continental,FI,None,Tax,0,20,116
auditor_2030,Capital Assurance,ES,CISA,Internal Control,11,18,106
auditor_2031,Copenhagen Review,IT,ACCA,Financial Audit,3,18,179
auditor_2032,North Continental,IT,State Authorised,Internal Control,2,18,138
auditor_2033,Nordic Audit Partners,GB,State Authorised,Tax,4,12,138
auditor_2034,Global Assurance,NO,State Authorised,Tax,2,21,48
auditor_2035,Nordic Audit Partners,DE,CPA,Financial Audit,13,41,51
auditor_2036,Global Assurance,DK,CPA,Financial Audit,10,10,203
auditor_2037,Seaside Audit,GB,State Authorised,Tax,1,22,50
auditor_2038,Prime Advisory,IT,CISA,IT Audit,6,7,185
auditor_2039,North Continental,GB,ACCA,Financial Audit,3,23,92
auditor_2040,Copenhagen Review,IT,State Authorised,Forensics,7,19,59
auditor_2041,Nordic Audit Partners,FR,CPA,IT Audit,9,33,57
auditor_2042,Global Assurance,SE,State Authorised,Tax,13,32,54
auditor_2043,Copenhagen Review,FI,None,Financial Audit,0,21,76
auditor_2044,Atlas Audit,DE,ACCA,IT Audit,17,18,55
auditor_2045,Copenhagen Review,FR,State Authorised,Financial Audit,2,28,74
auditor_2046,Nordic Audit Partners,DK,State Authorised,IT Audit,8,27,81
auditor_2047,Atlas Audit,NL,State Authorised,Sustainability,7,17,174
auditor_2048,Trust and Co,NO,ACCA,IT Audit,10,15,125
auditor_2049,Integrity Audit,NL,None,IT Audit,6,3,140
auditor_2050,Trust and Co,DK,State Authorised,Tax,17,9,58
auditor_2051,Atlas Audit,DK,ACCA,Financial Audit,3,25,155
auditor_2052,Prime Advisory,FI,CISA,Financial Audit,7,8,127
auditor_2053,North Continental,FR,CPA,Financial Audit,0,19,189
auditor_2054,Copenhagen Review,IT,None,IT Audit,1,2,246
auditor_2055,Seaside Audit,NL,State Authorised,IT Audit,4,29,107
auditor_2056,Nordic Audit Partners,FR,State Authorised,Financial Audit,7,22,49
auditor_2057,Prime Advisory,FI,ACCA,Financial Audit,8,14,14
auditor_2058,North Continental,NL,CISA,Financial Audit,9,15,107
auditor_2059,Seaside Audit,NO,CISA,Financial Audit,1,33,190
auditor_2060,Nordic Audit Partners,SE,ACCA,IT Audit,12,14,0
auditor_2061,Trust and Co,DE,ACCA,Forensics,17,17,60
auditor_2062,Capital Assurance,DK,None,Financial Audit,10,29,118
auditor_2063,Integrity Audit,NO,State Authorised,Financial Audit,14,28,33
auditor_2064,Trust and Co,NL,CISA,Financial Audit,4,27,0
auditor_2065,Prime Advisory,DK,State Authorised,Financial Audit,7,3,81
auditor_2066,Global Assurance,DK,CISA,Financial Audit,6,14,75
auditor_2067,Global Assurance,NL,None,Financial Audit,2,40,269
auditor_2068,Prime Advisory,NL,CISA,Forensics,2,33,88
auditor_2069,Atlas Audit,IT,None,Sustainability,8,17,67
auditor_2070,Global Assurance,SE,State Authorised,Sustainability,12,19,81
auditor_2071,Prime Advisory,FI,CPA,Forensics,1,9,0
auditor_2072,Capital Assurance,IT,ACCA,Forensics,8,6,98
auditor_2073,Nordic Audit Partners,IT,CPA,Sustainability,14,29,117
auditor_2074,Integrity Audit,NO,State Authorised,Financial Audit,7,36,161
auditor_2075,Integrity Audit,NO,None,Internal Control,6,3,151
auditor_2076,North Continental,FI,CIA,Tax,12,11,143
auditor_2077,Copenhagen Review,SE,State Authorised,Financial Audit,6,16,0
auditor_2078,Atlas Audit,NL,ACCA,IT Audit,6,27,69
auditor_2079,Capital Assurance,NL,CPA,IT Audit,8,10,148
auditor_2080,North Continental,FR,State Authorised,Financial Audit,6,8,226
auditor_2081,Copenhagen Review,DK,State Authorised,Sustainability,12,11,159
auditor_2082,North Continental,FI,ACCA,Financial Audit,10,24,0
auditor_2083,Seaside Audit,IT,State Authorised,Tax,13,12,91
auditor_2084,Integrity Audit,ES,State Authorised,Tax,21,21,89
auditor_2085,Integrity Audit,FR,CPA,Financial Audit,0,31,12
auditor_2086,Nordic Audit Partners,FR,CPA,Financial Audit,2,14,233
auditor_2087,North Continental,FR,ACCA,Financial Audit,11,16,144
auditor_2088,North Continental,NL,State Authorised,Financial Audit,4,19,125
auditor_2089,North Continental,FI,State Authorised,Financial Audit,12,27,159
auditor_2090,Global Assurance,DE,CISA,IT Audit,6,25,112
auditor_2091,Global Assurance,DE,None,Financial Audit,2,13,126
auditor_2092,Global Assurance,NL,State Authorised,Financial Audit,12,16,23
auditor_2093,Prime Advisory,NL,State Authorised,Tax,8,19,134
auditor_2094,Integrity Audit,FI,CIA,Internal Control,12,28,72
auditor_2095,Atlas Audit,DE,State Authorised,Financial Audit,4,7,175
auditor_2096,Capital Assurance,GB,None,Tax,15,14,100
auditor_2097,Nordic Audit Partners,FR,CIA,Internal Control,15,23,154
auditor_2098,Trust and Co,GB,State Authorised,Tax,2,24,45
auditor_2099,Prime Advisory,FR,State Authorised,IT Audit,2,14,73
auditor_2100,Atlas Audit,FR,CIA,IT Audit,6,3,196
auditor_2101,Global Assurance,NL,CISA,Financial Audit,13,1,198
auditor_2102,Seaside Audit,FI,ACCA,Sustainability,3,26,114
auditor_2103,Nordic Audit Partners,NL,State Authorised,Sustainability,8,16,216
auditor_2104,Integrity Audit,DK,ACCA,Forensics,1,24,208
auditor_2105,Capital Assurance,NL,State Authorised,Financial Audit,11,41,77
auditor_2106,Seaside Audit,ES,State Authorised,IT Audit,12,16,218
auditor_2107,Copenhagen Review,DK,None,Financial Audit,7,14,224
auditor_2108,Capital Assurance,IT,CPA,IT Audit,5,3,78
auditor_2109,Copenhagen Review,IT,None,Internal Control,11,31,128
auditor_2110,Prime Advisory,GB,State Authorised,Financial Audit,14,4,84
auditor_2111,North Continental,SE,State Authorised,Internal Control,6,16,126
auditor_2112,Integrity Audit,SE,State Authorised,Forensics,11,13,131
auditor_2113,Trust and Co,DK,CISA,IT Audit,7,8,110
auditor_2114,Nordic Audit Partners,NO,State Authorised,Sustainability,7,16,122
auditor_2115,Seaside Audit,DE,State Authorised,Financial Audit,8,13,221
auditor_2116,Atlas Audit,SE,ACCA,Financial Audit,2,10,342
auditor_2117,Nordic Audit Partners,NO,State Authorised,Sustainability,2,4,178
auditor_2118,Seaside Audit,NO,None,Financial Audit,0,15,291
auditor_2119,Seaside Audit,FR,CIA,Financial Audit,0,1,0
auditor_2120,Prime Advisory,NO,None,Financial Audit,12,29,78
auditor_2121,North Continental,NO,CPA,Internal Control,11,31,262
auditor_2122,Copenhagen Review,FI,CPA,Forensics,6,1,54
auditor_2123,Integrity Audit,FI,State Authorised,Financial Audit,5,15,104
auditor_2124,Global Assurance,GB,CPA,Financial Audit,13,30,106
auditor_2125,Capital Assurance,IT,None,IT Audit,13,21,125
auditor_2126,Copenhagen Review,DK,CIA,Financial Audit,12,18,284
auditor_2127,North Continental,NL,CIA,Tax,0,12,109
auditor_2128,Integrity Audit,GB,CPA,Tax,10,30,118
auditor_2129,Trust and Co,GB,State Authorised,Sustainability,0,26,180
auditor_2130,Seaside Audit,FR,ACCA,Forensics,0,17,0
auditor_2131,Copenhagen Review,SE,ACCA,Internal Control,4,8,184
auditor_2132,Prime Advisory,NO,State Authorised,IT Audit,8,5,190
auditor_2133,Integrity Audit,SE,CIA,Tax,0,21,54
auditor_2134,Prime Advisory,FR,ACCA,Tax,6,23,161
auditor_2135,Global Assurance,NL,State Authorised,Financial Audit,14,17,144
auditor_2136,Capital Assurance,GB,ACCA,Financial Audit,5,19,155
auditor_2137,Atlas Audit,DK,ACCA,Financial Audit,7,1,146
auditor_2138,North Continental,GB,State Authorised,Financial Audit,9,11,17
auditor_2139,Prime Advisory,GB,State Authorised,Financial Audit,15,22,101
auditor_2140,Trust and Co,NL,CIA,IT Audit,2,9,224
auditor_2141,North Continental,SE,State Authorised,Forensics,8,12,160
auditor_2142,North Continental,NO,ACCA,Financial Audit,3,33,228
auditor_2143,Trust and Co,NO,CISA,IT Audit,5,11,0
auditor_2144,Trust and Co,DE,State Authorised,Tax,0,4,130
auditor_2145,Trust and Co,SE,CIA,Financial Audit,6,4,97
auditor_2146,Integrity Audit,NO,ACCA,Financial Audit,10,23,0
auditor_2147,Nordic Audit Partners,ES,State Authorised,Forensics,7,4,192
auditor_2148,Atlas Audit,SE,ACCA,Financial Audit,11,9,58
auditor_2149,Nordic Audit Partners,IT,State Authorised,Tax,5,1,146
auditor_2150,Prime Advisory,FI,ACCA,Financial Audit,6,27,32
auditor_2151,Global Assurance,DK,ACCA,Internal Control,4,2,39
auditor_2152,Capital Assurance,FI,CIA,Financial Audit,2,27,64
auditor_2153,Global Assurance,NO,CIA,Financial Audit,8,14,18
auditor_2154,Atlas Audit,SE,CISA,Financial Audit,7,23,23
auditor_2155,Prime Advisory,IT,State Authorised,IT Audit,12,9,81
auditor_2156,Seaside Audit,SE,State Authorised,Financial Audit,10,11,123
auditor_2157,Capital Assurance,NO,State Authorised,Forensics,6,19,0
auditor_2158,Nordic Audit Partners,GB,State Authorised,Financial Audit,0,24,202
auditor_2159,Integrity Audit,IT,ACCA,Financial Audit,3,15,143
auditor_2160,Prime Advisory,GB,State Authorised,IT Audit,11,1,49
auditor_2161,Global Assurance,ES,CISA,Sustainability,6,25,319
auditor_2162,Copenhagen Review,NO,State Authorised,Financial Audit,6,3,152
auditor_2163,Capital Assurance,GB,CIA,Internal Control,14,19,47
auditor_2164,Trust and Co,NL,State Authorised,Tax,12,24,37
auditor_2165,Capital Assurance,FR,State Authorised,Financial Audit,9,27,214
auditor_2166,Copenhagen Review,FR,ACCA,Forensics,7,14,218
auditor_2167,Prime Advisory,ES,CPA,Internal Control,1,22,10
auditor_2168,Prime Advisory,DK,CPA,Sustainability,13,15,221
auditor_2169,Integrity Audit,FI,CIA,Tax,10,5,233
auditor_2170,Copenhagen Review,SE,State Authorised,Financial Audit,15,26,59
auditor_2171,Integrity Audit,FI,State Authorised,Financial Audit,6,19,63
auditor_2172,Nordic Audit Partners,FI,None,IT Audit,16,19,0
auditor_2173,North Continental,NL,State Authorised,Financial Audit,9,14,114
auditor_2174,Nordic Audit Partners,ES,CISA,Financial Audit,6,26,209
auditor_2175,Integrity Audit,DK,State Authorised,Tax,9,14,116
auditor_2176,Capital Assurance,FI,State Authorised,Financial Audit,8,9,166
auditor_2177,Prime Advisory,FI,CPA,Financial Audit,10,33,220
auditor_2178,Capital Assurance,NO,ACCA,Financial Audit,4,26,43
auditor_2179,North Continental,SE,None,Financial Audit,11,12,38
auditor_2180,Trust and Co,FI,State Authorised,Financial Audit,9,1,0
auditor_2181,Atlas Audit,FI,State Authorised,Financial Audit,7,18,90
auditor_2182,North Continental,DE,State Authorised,Financial Audit,0,9,151
auditor_2183,Seaside Audit,NO,CPA,Financial Audit,10,17,212
auditor_2184,Copenhagen Review,FR,None,Financial Audit,9,10,97
auditor_2185,North Continental,SE,None,Financial Audit,0,16,208
auditor_2186,Seaside Audit,NO,ACCA,Financial Audit,11,32,95
auditor_2187,Copenhagen Review,GB,CISA,Tax,14,16,237
auditor_2188,North Continental,DK,CISA,Financial Audit,7,25,238
auditor_2189,Global Assurance,DE,CPA,Financial Audit,7,20,223
auditor_2190,Trust and Co,DE,ACCA,Financial Audit,7,4,291
auditor_2191,Integrity Audit,GB,CPA,IT Audit,5,19,212
auditor_2192,Capital Assurance,NO,CIA,Financial Audit,4,7,140
auditor_2193,Prime Advisory,DK,State Authorised,IT Audit,0,15,139
auditor_2194,Capital Assurance,FR,ACCA,Financial Audit,6,2,247
auditor_2195,Seaside Audit,NL,ACCA,Financial Audit,8,32,99
auditor_2196,Copenhagen Review,SE,ACCA,Financial Audit,3,20,102
auditor_2197,Global Assurance,GB,None,Financial Audit,2,32,70
auditor_2198,Seaside Audit,DE,CISA,Tax,0,31,79
auditor_2199,Capital Assurance,ES,CIA,Forensics,4,1,259
auditor_2200,Capital Assurance,DK,CIA,Sustainability,1,18,193
auditor_2201,Prime Advisory,FI,ACCA,Sustainability,10,17,0
auditor_2202,Capital Assurance,DK,CIA,Forensics,3,19,57
auditor_2203,Integrity Audit,IT,ACCA,Forensics,9,24,197
auditor_2204,Integrity Audit,FI,CPA,Internal Control,1,39,181
auditor_2205,Trust and Co,DK,State Authorised,Financial Audit,7,28,309
auditor_2206,Seaside Audit,GB,CIA,Internal Control,0,15,0
auditor_2207,Global Assurance,ES,None,Sustainability,8,21,116
auditor_2208,Trust and Co,GB,State Authorised,Financial Audit,4,1,149
auditor_2209,Atlas Audit,GB,CPA,Tax,15,12,155
auditor_2210,Global Assurance,SE,CPA,Tax,0,22,88
auditor_2211,Capital Assurance,NO,State Authorised,Financial Audit,4,10,88
auditor_2212,Seaside Audit,DE,State Authorised,Financial Audit,9,4,88
auditor_2213,North Continental,DK,State Authorised,Tax,7,7,263
auditor_2214,Seaside Audit,ES,ACCA,Financial Audit,3,11,41
auditor_2215,Seaside Audit,NO,State Authorised,Financial Audit,16,23,45
auditor_2216,Trust and Co,FI,ACCA,IT Audit,13,20,140
auditor_2217,Global Assurance,FR,CPA,Financial Audit,6,10,147
auditor_2218,Prime Advisory,DK,CIA,Tax,5,36,18
auditor_2219,Prime Advisory,DE,None,Sustainability,15,16,143
auditor_2220,North Continental,IT,State Authorised,Forensics,12,11,189
auditor_2221,Global Assurance,DE,State Authorised,Financial Audit,0,10,46
auditor_2222,Global Assurance,NL,State Authorised,Financial Audit,1,15,150
auditor_2223,North Continental,SE,State Authorised,Financial Audit,11,20,66
auditor_2224,Nordic Audit Partners,IT,CISA,Financial Audit,9,19,194
auditor_2225,Prime Advisory,ES,CISA,Financial Audit,11,18,48
auditor_2226,Atlas Audit,DE,None,IT Audit,4,12,94
auditor_2227,Capital Assurance,IT,ACCA,Financial Audit,9,25,115
auditor_2228,Capital Assurance,NL,CISA,Internal Control,8,19,78
auditor_2229,Seaside Audit,GB,CPA,Internal Control,3,1,64
auditor_2230,Capital Assurance,SE,State Authorised,Sustainability,10,10,100
auditor_2231,Seaside Audit,NO,State Authorised,Financial Audit,10,23,33
auditor_2232,Atlas Audit,DE,None,Tax,12,29,29
auditor_2233,Prime Advisory,NL,ACCA,Forensics,3,29,108
auditor_2234,North Continental,ES,ACCA,Financial Audit,0,4,100
auditor_2235,Capital Assurance,DK,CPA,Sustainability,2,13,122
auditor_2236,Capital Assurance,FR,State Authorised,IT Audit,15,15,205
auditor_2237,Copenhagen Review,SE,State Authorised,Internal Control,15,32,142
auditor_2238,North Continental,SE,CIA,Financial Audit,0,22,203
auditor_2239,Prime Advisory,NO,None,Sustainability,7,35,188
auditor_2240,Atlas Audit,DK,State Authorised,Tax,10,28,146
auditor_2241,Integrity Audit,ES,None,IT Audit,0,13,215
auditor_2242,North Continental,SE,ACCA,IT Audit,3,15,36
auditor_2243,Prime Advisory,FI,State Authorised,Internal Control,16,34,49
auditor_2244,Global Assurance,SE,ACCA,Tax,8,11,169
auditor_2245,Trust and Co,NL,None,Tax,10,26,146
auditor_2246,Prime Advisory,DE,CIA,Internal Control,22,7,0
auditor_2247,Global Assurance,NO,None,Forensics,6,2,0
auditor_2248,North Continental,SE,CISA,Financial Audit,2,8,43
auditor_2249,Prime Advisory,IT,CISA,IT Audit,10,12,105
auditor_2250,Capital Assurance,GB,None,Tax,12,10,98
auditor_2251,Seaside Audit,ES,None,Financial Audit,9,1,0
auditor_2252,Prime Advisory,FI,State Authorised,Financial Audit,9,22,285
auditor_2253,Global Assurance,SE,State Authorised,IT Audit,8,26,104
auditor_2254,Prime Advisory,SE,CPA,Financial Audit,9,34,0
auditor_2255,Capital Assurance,GB,CPA,Financial Audit,10,39,142
auditor_2256,Nordic Audit Partners,IT,CPA,Tax,16,11,117
auditor_2257,Seaside Audit,NL,CISA,Tax,8,1,26
auditor_2258,Trust and Co,ES,CIA,IT Audit,2,26,189
auditor_2259,Global Assurance,GB,State Authorised,Sustainability,9,26,106
auditor_2260,Capital Assurance,NO,CISA,Financial Audit,14,18,124
auditor_2261,Prime Advisory,FR,CIA,Financial Audit,6,24,86
auditor_2262,Integrity Audit,NO,CIA,Tax,12,6,32
auditor_2263,Nordic Audit Partners,IT,State Authorised,IT Audit,11,17,83
auditor_2264,Global Assurance,DE,None,Forensics,12,11,103
auditor_2265,North Continental,FI,ACCA,Forensics,14,33,245
auditor_2266,Seaside Audit,DK,None,Financial Audit,6,30,44
auditor_2267,Prime Advisory,FI,CIA,Financial Audit,3,1,253
auditor_2268,Trust and Co,FR,CIA,Financial Audit,3,16,47
auditor_2269,Trust and Co,DK,CPA,Financial Audit,11,14,15
auditor_2270,North Continental,NL,CISA,Financial Audit,10,3,53
auditor_2271,Atlas Audit,DE,State Authorised,Sustainability,0,3,134
auditor_2272,Atlas Audit,GB,State Authorised,Financial Audit,0,3,119
auditor_2273,Copenhagen Review,DK,CISA,Forensics,5,37,266
auditor_2274,North Continental,NO,CPA,Financial Audit,3,23,179
auditor_2275,North Continental,DE,None,Financial Audit,5,3,119
auditor_2276,Prime Advisory,DK,ACCA,Sustainability,7,13,155
auditor_2277,Global Assurance,NO,ACCA,Internal Control,4,6,128
auditor_2278,Trust and Co,DK,State Authorised,Internal Control,9,6,194
auditor_2279,Trust and Co,DK,State Authorised,IT Audit,0,12,99
auditor_2280,Capital Assurance,IT,ACCA,Financial Audit,4,12,269
auditor_2281,Seaside Audit,FI,State Authorised,Financial Audit,3,42,154
auditor_2282,North Continental,DE,CIA,Internal Control,8,22,322
auditor_2283,Seaside Audit,SE,CISA,Sustainability,3,6,59
auditor_2284,Seaside Audit,DE,CPA,Financial Audit,8,1,121
auditor_2285,Nordic Audit Partners,SE,State Authorised,Financial Audit,16,19,96
auditor_2286,Atlas Audit,FI,State Authorised,IT Audit,4,26,53
auditor_2287,Copenhagen Review,FR,State Authorised,Tax,17,37,140
auditor_2288,Copenhagen Review,NO,ACCA,Internal Control,7,28,207
auditor_2289,Seaside Audit,DE,CPA,Financial Audit,3,12,14
auditor_2290,Global Assurance,ES,State Authorised,Tax,10,24,12
auditor_2291,Nordic Audit Partners,GB,CPA,IT Audit,5,4,48
auditor_2292,Atlas Audit,FR,State Authorised,Tax,10,10,95
auditor_2293,Atlas Audit,SE,CISA,Financial Audit,0,19,116
auditor_2294,Global Assurance,NO,None,Forensics,4,16,134
auditor_2295,Nordic Audit Partners,ES,ACCA,Financial Audit,3,3,264
auditor_2296,Nordic Audit Partners,NO,CPA,Forensics,4,17,200
auditor_2297,Global Assurance,ES,State Authorised,Tax,25,5,155
auditor_2298,Global Assurance,SE,CPA,Financial Audit,4,12,62
auditor_2299,Atlas Audit,NO,ACCA,Internal Control,2,17,2
auditor_2300,Nordic Audit Partners,FI,State Authorised,Internal Control,12,18,153
auditor_2301,Atlas Audit,DE,CIA,Financial Audit,5,14,143
auditor_2302,Copenhagen Review,FR,CIA,IT Audit,2,14,51
auditor_2303,Capital Assurance,IT,CPA,Financial Audit,3,1,227
auditor_2304,Global Assurance,DK,State Authorised,Financial Audit,4,29,205
auditor_2305,Integrity Audit,FI,None,IT Audit,1,7,324
auditor_2306,Prime Advisory,IT,ACCA,Financial Audit,16,17,140
auditor_2307,Copenhagen Review,GB,State Authorised,Financial Audit,4,22,62
auditor_2308,Seaside Audit,NO,ACCA,Financial Audit,0,4,121
auditor_2309,Integrity Audit,GB,None,Financial Audit,2,17,34
auditor_2310,Prime Advisory,SE,CPA,Financial Audit,4,26,139
auditor_2311,Prime Advisory,NL,CPA,Forensics,7,26,158
auditor_2312,Atlas Audit,IT,State Authorised,Tax,15,13,85
auditor_2313,Capital Assurance,GB,ACCA,Internal Control,1,13,197
auditor_2314,Prime Advisory,SE,State Authorised,IT Audit,14,27,0
auditor_2315,Atlas Audit,GB,State Authorised,Forensics,13,1,191
auditor_2316,Capital Assurance,NL,CISA,Financial Audit,6,25,13
auditor_2317,Prime Advisory,DE,State Authorised,Financial Audit,13,3,66
auditor_2318,Prime Advisory,GB,None,Tax,3,1,127
auditor_2319,Global Assurance,NO,CPA,Sustainability,17,44,127
auditor_2320,Copenhagen Review,FR,State Authorised,Financial Audit,13,20,159
auditor_2321,Copenhagen Review,DE,CPA,IT Audit,6,19,162
auditor_2322,Nordic Audit Partners,NO,State Authorised,Tax,5,17,115
auditor_2323,Trust and Co,NL,CISA,Forensics,12,7,115
auditor_2324,Atlas Audit,ES,CPA,Tax,17,29,227
auditor_2325,North Continental,IT,State Authorised,Financial Audit,8,21,200
auditor_2326,Atlas Audit,NO,CIA,Financial Audit,15,1,14
auditor_2327,Copenhagen Review,DE,State Authorised,Tax,14,15,66
auditor_2328,Capital Assurance,FI,CIA,Financial Audit,1,12,7
auditor_2329,North Continental,NO,ACCA,Financial Audit,18,17,115
auditor_2330,North Continental,ES,State Authorised,Internal Control,10,27,195
auditor_2331,Atlas Audit,FI,State Authorised,Sustainability,13,11,96
auditor_2332,Integrity Audit,GB,CISA,Tax,11,12,119
auditor_2333,Global Assurance,SE,CIA,Internal Control,9,25,0
auditor_2334,Trust and Co,IT,State Authorised,Tax,11,15,176
auditor_2335,Atlas Audit,FR,CISA,Financial Audit,11,34,228
auditor_2336,Seaside Audit,ES,None,Financial Audit,14,32,143
auditor_2337,North Continental,ES,CIA,Forensics,8,26,178
auditor_2338,Atlas Audit,SE,ACCA,IT Audit,6,22,117
auditor_2339,Nordic Audit Partners,GB,CIA,Tax,3,30,124
auditor_2340,Prime Advisory,ES,CIA,Financial Audit,18,1,75
auditor_2341,North Continental,NO,CIA,Sustainability,8,29,151
auditor_2342,Atlas Audit,FI,State Authorised,Financial Audit,9,6,27
auditor_2343,Trust and Co,ES,ACCA,Financial Audit,9,4,77
auditor_2344,North Continental,GB,State Authorised,Internal Control,10,8,248
auditor_2345,Capital Assurance,FI,CISA,Sustainability,14,2,45
auditor_2346,Global Assurance,DE,State Authorised,Financial Audit,0,10,181
auditor_2347,Prime Advisory,DK,CIA,IT Audit,5,22,0
auditor_2348,Prime Advisory,DE,None,Internal Control,11,12,120
auditor_2349,Atlas Audit,DK,None,Sustainability,7,5,27
auditor_2350,North Continental,DK,ACCA,IT Audit,12,21,204
auditor_2351,Capital Assurance,DE,ACCA,Financial Audit,9,19,0
auditor_2352,Trust and Co,GB,ACCA,Financial Audit,6,17,276
auditor_2353,North Continental,FI,State Authorised,IT Audit,11,33,167
auditor_2354,Trust and Co,GB,State Authorised,IT Audit,4,19,138
auditor_2355,Trust and Co,DE,State Authorised,Financial Audit,3,14,103
auditor_2356,Integrity Audit,NL,ACCA,Financial Audit,16,1,216
auditor_2357,Integrity Audit,SE,None,Forensics,3,4,214
auditor_2358,North Continental,NO,State Authorised,Tax,11,30,184
auditor_2359,Nordic Audit Partners,NL,None,Forensics,18,23,107
auditor_2360,Global Assurance,FI,State Authorised,Financial Audit,9,30,57
auditor_2361,Seaside Audit,NL,None,Financial Audit,4,14,0
auditor_2362,Prime Advisory,FR,None,Internal Control,8,1,124
auditor_2363,Global Assurance,GB,ACCA,IT Audit,12,13,254
auditor_2364,Trust and Co,NL,CISA,Tax,0,29,174
auditor_2365,Seaside Audit,ES,CIA,Tax,0,45,114
auditor_2366,Seaside Audit,NO,State Authorised,Financial Audit,3,3,102
auditor_2367,Nordic Audit Partners,NO,State Authorised,IT Audit,7,19,96
auditor_2368,Prime Advisory,DK,CIA,Financial Audit,11,14,0
auditor_2369,Copenhagen Review,DK,ACCA,Financial Audit,7,1,148
auditor_2370,North Continental,SE,CISA,Financial Audit,3,19,225
auditor_2371,Trust and Co,ES,State Authorised,Financial Audit,3,28,85
auditor_2372,Global Assurance,DE,None,Financial Audit,16,14,52
auditor_2373,Seaside Audit,FI,ACCA,Tax,11,13,52
auditor_2374,Global Assurance,ES,CPA,Financial Audit,5,17,227
auditor_2375,Copenhagen Review,NO,State Authorised,Financial Audit,0,18,169
auditor_2376,Nordic Audit Partners,DE,None,Sustainability,8,31,114
auditor_2377,Seaside Audit,DK,CPA,Financial Audit,7,23,127
auditor_2378,Nordic Audit Partners,GB,ACCA,Financial Audit,6,23,67
auditor_2379,Prime Advisory,FI,State Authorised,IT Audit,4,12,228
auditor_2380,Atlas Audit,GB,CPA,Financial Audit,0,21,122
auditor_2381,Integrity Audit,NL,State Authorised,Financial Audit,0,21,158
auditor_2382,Seaside Audit,FI,State Authorised,Financial Audit,10,1,229
auditor_2383,Nordic Audit Partners,DK,State Authorised,Tax,4,24,179
auditor_2384,Prime Advisory,DE,ACCA,Sustainability,3,24,89
auditor_2385,Global Assurance,GB,State Authorised,Internal Control,0,29,57
auditor_2386,Capital Assurance,NL,State Authorised,Financial Audit,3,13,141
auditor_2387,Nordic Audit Partners,ES,CISA,Financial Audit,7,23,12
auditor_2388,Capital Assurance,NL,CIA,IT Audit,4,16,271
auditor_2389,Copenhagen Review,NL,State Authorised,Financial Audit,7,28,123
auditor_2390,Copenhagen Review,GB,State Authorised,Financial Audit,5,15,106
auditor_2391,Copenhagen Review,SE,State Authorised,Internal Control,11,31,148
auditor_2392,Prime Advisory,FI,CIA,Sustainability,13,8,86
auditor_2393,Global Assurance,ES,CPA,Financial Audit,4,21,91
auditor_2394,North Continental,FI,CPA,Financial Audit,11,8,123
auditor_2395,Trust and Co,FI,ACCA,Tax,11,1,289
auditor_2396,Atlas Audit,NL,None,Financial Audit,6,1,132
auditor_2397,Global Assurance,GB,State Authorised,Financial Audit,8,17,199
auditor_2398,Atlas Audit,DK,State Authorised,Financial Audit,11,20,156
auditor_2399,Trust and Co,DE,State Authorised,IT Audit,7,35,1
auditor_2400,Prime Advisory,GB,ACCA,IT Audit,8,18,185
auditor_2401,Atlas Audit,SE,State Authorised,Tax,3,1,132
auditor_2402,Seaside Audit,ES,CISA,Financial Audit,9,32,18
auditor_2403,Integrity Audit,FI,State Authorised,Financial Audit,13,41,89
auditor_2404,Prime Advisory,IT,CIA,Sustainability,1,13,121
auditor_2405,Atlas Audit,FR,CPA,Tax,10,12,244
auditor_2406,Integrity Audit,DE,None,Financial Audit,2,1,208
auditor_2407,Integrity Audit,ES,State Authorised,Financial Audit,0,15,369
auditor_2408,Atlas Audit,FI,State Authorised,Forensics,7,6,115
auditor_2409,Integrity Audit,NO,State Authorised,Tax,7,19,172
auditor_2410,Prime Advisory,FI,CPA,Financial Audit,2,34,139
auditor_2411,Capital Assurance,IT,None,Financial Audit,11,11,222
auditor_2412,Atlas Audit,DE,CIA,Financial Audit,6,20,45
auditor_2413,Copenhagen Review,DE,State Authorised,Financial Audit,3,24,84
auditor_2414,Nordic Audit Partners,NL,State Authorised,Internal Control,3,11,175
auditor_2415,Trust and Co,DE,None,IT Audit,4,16,121
auditor_2416,Copenhagen Review,SE,CIA,Forensics,0,3,146
auditor_2417,Integrity Audit,IT,CPA,Tax,4,28,197
auditor_2418,Prime Advisory,NL,State Authorised,IT Audit,11,36,113
auditor_2419,Seaside Audit,NO,ACCA,Tax,11,12,316
auditor_2420,Seaside Audit,NL,State Authorised,IT Audit,17,18,150
auditor_2421,North Continental,NO,ACCA,Tax,14,16,67
auditor_2422,Trust and Co,FI,CPA,Internal Control,12,18,134
auditor_2423,Trust and Co,DE,State Authorised,Financial Audit,3,1,138
auditor_2424,Trust and Co,GB,CIA,Financial Audit,12,15,234
auditor_2425,Trust and Co,SE,ACCA,IT Audit,4,7,114
auditor_2426,Seaside Audit,SE,CIA,Financial Audit,7,25,58
auditor_2427,Nordic Audit Partners,IT,State Authorised,Financial Audit,14,37,116
auditor_2428,Global Assurance,DK,CISA,Forensics,14,7,206
auditor_2429,Nordic Audit Partners,NO,State Authorised,Financial Audit,13,26,118
auditor_2430,Trust and Co,IT,State Authorised,Internal Control,0,11,69
auditor_2431,Global Assurance,ES,CIA,Financial Audit,3,19,86
auditor_2432,Global Assurance,FI,State Authorised,Tax,3,7,62
auditor_2433,North Continental,NO,State Authorised,IT Audit,13,11,78
auditor_2434,Prime Advisory,DK,CPA,Financial Audit,5,21,156
auditor_2435,Atlas Audit,SE,State Authorised,Financial Audit,0,28,234
auditor_2436,Atlas Audit,DE,State Authorised,Sustainability,2,8,83
auditor_2437,Seaside Audit,NO,State Authorised,Financial Audit,4,20,0
auditor_2438,Prime Advisory,GB,ACCA,Financial Audit,2,33,45
auditor_2439,Integrity Audit,FI,None,Forensics,14,21,0
auditor_2440,Global Assurance,FR,State Authorised,Financial Audit,11,16,83
auditor_2441,Global Assurance,DE,ACCA,IT Audit,9,22,176
auditor_2442,Global Assurance,NL,None,Sustainability,13,22,9
auditor_2443,Nordic Audit Partners,IT,State Authorised,Financial Audit,5,47,177
auditor_2444,Capital Assurance,IT,State Authorised,Financial Audit,19,31,139
auditor_2445,Integrity Audit,IT,CISA,Financial Audit,9,17,0
auditor_2446,Global Assurance,DE,None,Forensics,8,30,72
auditor_2447,Integrity Audit,SE,CISA,Sustainability,10,26,47
auditor_2448,Trust and Co,NO,State Authorised,Financial Audit,5,7,54
auditor_2449,North Continental,SE,State Authorised,Financial Audit,1,8,233
auditor_2450,Integrity Audit,NO,State Authorised,Internal Control,3,19,79
auditor_2451,Trust and Co,GB,ACCA,IT Audit,13,31,189
auditor_2452,North Continental,GB,CPA,Forensics,9,15,24
auditor_2453,Trust and Co,FI,ACCA,IT Audit,17,10,173
auditor_2454,Atlas Audit,ES,ACCA,IT Audit,13,12,203
auditor_2455,Prime Advisory,GB,State Authorised,Tax,11,35,82
auditor_2456,Atlas Audit,IT,CISA,Tax,1,12,136
auditor_2457,Prime Advisory,SE,State Authorised,Financial Audit,8,14,0
auditor_2458,Nordic Audit Partners,NL,CPA,Internal Control,10,37,157
auditor_2459,Global Assurance,DK,None,Financial Audit,11,23,151
auditor_2460,Trust and Co,DE,ACCA,Tax,12,21,94
auditor_2461,Atlas Audit,GB,State Authorised,Tax,4,15,145
auditor_2462,Nordic Audit Partners,NO,State Authorised,Forensics,6,21,155
auditor_2463,Trust and Co,GB,CIA,Forensics,12,30,126
auditor_2464,Seaside Audit,NL,State Authorised,Financial Audit,1,14,123
auditor_2465,Copenhagen Review,SE,ACCA,IT Audit,0,31,131
auditor_2466,Trust and Co,DK,State Authorised,Financial Audit,9,31,69
auditor_2467,Prime Advisory,SE,State Authorised,Tax,10,16,105
auditor_2468,Seaside Audit,NO,CISA,IT Audit,4,34,89
auditor_2469,Trust and Co,ES,CIA,Financial Audit,11,1,214
auditor_2470,Seaside Audit,NL,ACCA,Forensics,13,18,101
auditor_2471,Nordic Audit Partners,DE,State Authorised,Financial Audit,10,40,0
auditor_2472,Nordic Audit Partners,IT,CISA,IT Audit,11,8,118
auditor_2473,Nordic Audit Partners,GB,CISA,Forensics,6,13,119
auditor_2474,North Continental,ES,CIA,Financial Audit,2,28,0
auditor_2475,Copenhagen Review,ES,State Authorised,Financial Audit,10,14,26
auditor_2476,Trust and Co,DE,None,IT Audit,9,2,123
auditor_2477,Trust and Co,FI,ACCA,Financial Audit,0,22,46
auditor_2478,Seaside Audit,NO,CISA,Internal Control,5,20,58
auditor_2479,Copenhagen Review,SE,CISA,IT Audit,7,2,170
auditor_2480,Capital Assurance,GB,CISA,Financial Audit,16,45,127
auditor_2481,Capital Assurance,GB,State Authorised,Financial Audit,11,1,240
auditor_2482,Global Assurance,NL,CPA,Tax,11,13,218
auditor_2483,Nordic Audit Partners,FI,State Authorised,IT Audit,6,13,158
auditor_2484,Global Assurance,FI,CPA,Tax,2,28,35
auditor_2485,Integrity Audit,FI,CPA,Forensics,2,8,180
auditor_2486,Nordic Audit Partners,FI,State Authorised,Internal Control,4,4,71
auditor_2487,Copenhagen Review,DK,CPA,Tax,7,6,27
auditor_2488,Nordic Audit Partners,DK,State Authorised,Internal Control,18,9,94
auditor_2489,Nordic Audit Partners,NL,CISA,Internal Control,6,13,169
auditor_2490,Atlas Audit,FI,State Authorised,Financial Audit,12,14,21
auditor_2491,Capital Assurance,NO,CIA,Financial Audit,14,17,258
auditor_2492,Seaside Audit,ES,State Authorised,Tax,0,19,273
auditor_2493,Trust and Co,DK,CPA,Financial Audit,6,15,143
auditor_2494,Copenhagen Review,DK,State Authorised,Financial Audit,5,14,92
auditor_2495,North Continental,SE,None,Financial Audit,4,30,156
auditor_2496,Prime Advisory,FI,CISA,Forensics,9,26,98
auditor_2497,Trust and Co,ES,CPA,Tax,4,11,120
auditor_2498,Atlas Audit,NL,ACCA,Financial Audit,2,12,78
auditor_2499,Integrity Audit,NL,CPA,Internal Control,18,1,105
auditor_2500,Nordic Audit Partners,GB,State Authorised,Internal Control,16,19,180
auditor_2501,Copenhagen Review,SE,None,IT Audit,8,11,0
auditor_2502,North Continental,SE,CISA,Financial Audit,9,10,55
auditor_2503,Integrity Audit,ES,None,Tax,5,35,312
auditor_2504,Global Assurance,FR,State Authorised,Financial Audit,9,13,25
auditor_2505,Integrity Audit,NO,State Authorised,IT Audit,10,35,100
auditor_2506,Capital Assurance,SE,State Authorised,Tax,0,24,198
auditor_2507,North Continental,DE,None,Internal Control,0,19,156
auditor_2508,North Continental,NO,None,Internal Control,7,10,201
auditor_2509,North Continental,DK,ACCA,Financial Audit,5,3,0
auditor_2510,Seaside Audit,IT,None,Financial Audit,14,24,127
auditor_2511,Capital Assurance,ES,CISA,Internal Control,5,12,33
auditor_2512,Capital Assurance,SE,CIA,IT Audit,5,1,61
auditor_2513,Integrity Audit,DK,CPA,Forensics,6,24,116
auditor_2514,Prime Advisory,ES,State Authorised,Sustainability,11,31,204
auditor_2515,Integrity Audit,GB,State Authorised,Financial Audit,10,18,41
auditor_2516,Global Assurance,FI,ACCA,IT Audit,11,34,147
auditor_2517,Global Assurance,NL,ACCA,Forensics,17,2,27
auditor_2518,North Continental,SE,State Authorised,Tax,12,20,225
auditor_2519,Seaside Audit,GB,State Authorised,Financial Audit,7,9,102
auditor_2520,Capital Assurance,NL,None,IT Audit,0,6,197
auditor_2521,North Continental,SE,State Authorised,Financial Audit,12,21,0
auditor_2522,Trust and Co,FR,State Authorised,Financial Audit,6,5,214
auditor_2523,Copenhagen Review,DK,None,Tax,5,7,122
auditor_2524,Nordic Audit Partners,NL,CISA,Internal Control,4,32,61
auditor_2525,Prime Advisory,DK,State Authorised,Financial Audit,1,1,117
auditor_2526,Seaside Audit,DE,State Authorised,Financial Audit,5,3,215
auditor_2527,Trust and Co,SE,State Authorised,Financial Audit,11,17,229
auditor_2528,North Continental,GB,CPA,Forensics,11,9,36
auditor_2529,Integrity Audit,NO,CISA,Financial Audit,12,21,133
auditor_2530,Seaside Audit,NL,None,Financial Audit,3,24,59
auditor_2531,Prime Advisory,NL,None,IT Audit,7,32,67
auditor_2532,Atlas Audit,NO,None,Financial Audit,0,7,199
auditor_2533,Copenhagen Review,GB,CISA,IT Audit,9,16,79
auditor_2534,Copenhagen Review,FI,State Authorised,Forensics,10,9,144
auditor_2535,Copenhagen Review,NO,State Authorised,Internal Control,4,9,69
auditor_2536,Capital Assurance,DK,State Authorised,IT Audit,6,17,138
auditor_2537,Trust and Co,FR,None,Financial Audit,0,9,88
auditor_2538,Seaside Audit,DE,CPA,Financial Audit,15,7,133
auditor_2539,North Continental,NO,CPA,Forensics,15,4,151
auditor_2540,Copenhagen Review,SE,State Authorised,Tax,3,12,55
auditor_2541,Prime Advisory,GB,CIA,Tax,4,45,187
auditor_2542,Copenhagen Review,GB,State Authorised,Financial Audit,13,22,0
auditor_2543,Prime Advisory,IT,None,Financial Audit,9,28,51
auditor_2544,Capital Assurance,DK,State Authorised,Financial Audit,12,25,268
auditor_2545,Global Assurance,FR,CPA,IT Audit,5,7,91
auditor_2546,Seaside Audit,NL,ACCA,IT Audit,15,1,0
auditor_2547,Atlas Audit,NL,State Authorised,Financial Audit,8,13,120
auditor_2548,Seaside Audit,NL,State Authorised,IT Audit,12,12,0
auditor_2549,Atlas Audit,GB,ACCA,Tax,18,8,35
auditor_2550,Seaside Audit,DE,CIA,Internal Control,13,14,114
auditor_2551,Global Assurance,SE,CISA,Financial Audit,10,28,93
auditor_2552,Nordic Audit Partners,IT,None,Financial Audit,15,1,180
auditor_2553,Copenhagen Review,ES,State Authorised,Financial Audit,3,31,131
auditor_2554,Copenhagen Review,DK,CIA,Sustainability,4,24,191
auditor_2555,Prime Advisory,FI,CISA,IT Audit,11,7,81
auditor_2556,Global Assurance,FI,None,Internal Control,7,17,179
auditor_2557,Capital Assurance,FR,ACCA,Tax,0,21,96
auditor_2558,Seaside Audit,DK,None,Tax,3,10,102
auditor_2559,Atlas Audit,DE,State Authorised,Forensics,0,10,49
auditor_2560,Integrity Audit,GB,CIA,Financial Audit,10,9,102
auditor_2561,Seaside Audit,DK,State Authorised,Financial Audit,15,27,192
auditor_2562,Capital Assurance,ES,CISA,IT Audit,5,23,101
auditor_2563,Capital Assurance,NO,None,Internal Control,7,22,72
auditor_2564,Prime Advisory,ES,None,Financial Audit,15,16,169
auditor_2565,Seaside Audit,DK,CISA,IT Audit,15,28,7
auditor_2566,Trust and Co,GB,None,Financial Audit,10,26,191
auditor_2567,Capital Assurance,ES,State Authorised,Financial Audit,2,11,199
auditor_2568,Trust and Co,ES,State Authorised,IT Audit,4,15,246
auditor_2569,Seaside Audit,DE,CISA,Financial Audit,7,10,49
auditor_2570,Capital Assurance,FI,State Authorised,Financial Audit,9,4,100
auditor_2571,Nordic Audit Partners,IT,State Authorised,IT Audit,9,30,173
auditor_2572,Atlas Audit,SE,CPA,Financial Audit,4,29,96
auditor_2573,Trust and Co,FR,CPA,Tax,1,16,235
auditor_2574,Trust and Co,FI,CIA,Financial Audit,8,18,250
auditor_2575,Prime Advisory,ES,CISA,Tax,0,5,0
auditor_2576,Seaside Audit,DE,CIA,Financial Audit,9,19,243
auditor_2577,Trust and Co,DK,CPA,IT Audit,9,13,120
auditor_2578,Global Assurance,SE,ACCA,IT Audit,8,1,336
auditor_2579,Global Assurance,NO,State Authorised,Sustainability,10,20,169
auditor_2580,Global Assurance,SE,ACCA,Financial Audit,11,16,69
auditor_2581,Prime Advisory,GB,State Authorised,Tax,10,21,55
auditor_2582,Seaside Audit,SE,ACCA,IT Audit,15,20,178
auditor_2583,Prime Advisory,GB,ACCA,Financial Audit,14,18,145
auditor_2584,North Continental,NO,State Authorised,Financial Audit,12,10,124
auditor_2585,Trust and Co,IT,CPA,Sustainability,8,8,305
auditor_2586,Global Assurance,NL,None,IT Audit,0,5,225
auditor_2587,Copenhagen Review,IT,CPA,Financial Audit,11,7,168
auditor_2588,Integrity Audit,SE,State Authorised,Financial Audit,15,17,327
auditor_2589,Nordic Audit Partners,ES,CPA,Financial Audit,0,24,213
auditor_2590,Capital Assurance,SE,None,Financial Audit,12,15,96
auditor_2591,Trust and Co,FI,State Authorised,Forensics,10,26,168
auditor_2592,Trust and Co,DE,State Authorised,Financial Audit,13,7,101
auditor_2593,Global Assurance,NL,CIA,Forensics,3,14,201
auditor_2594,North Continental,FR,ACCA,Internal Control,8,44,135
auditor_2595,Prime Advisory,DE,State Authorised,Forensics,8,19,68
auditor_2596,Integrity Audit,GB,State Authorised,Tax,7,29,129
auditor_2597,Copenhagen Review,DE,State Authorised,Financial Audit,4,8,83
auditor_2598,North Continental,GB,None,Financial Audit,8,29,12
auditor_2599,Integrity Audit,NL,CPA,IT Audit,6,19,0
auditor_2600,Seaside Audit,FI,CPA,Financial Audit,3,11,56
auditor_2601,Global Assurance,FR,State Authorised,Financial Audit,8,16,75
auditor_2602,Atlas Audit,DE,CPA,Financial Audit,10,35,251
auditor_2603,Atlas Audit,NL,ACCA,Financial Audit,0,23,105
auditor_2604,Capital Assurance,GB,CISA,Financial Audit,8,14,129
auditor_2605,Global Assurance,FI,CIA,Financial Audit,8,12,48
auditor_2606,Capital Assurance,SE,State Authorised,Forensics,5,20,167
auditor_2607,Capital Assurance,FI,ACCA,Tax,12,13,142
auditor_2608,Prime Advisory,ES,State Authorised,Financial Audit,12,29,115
auditor_2609,Prime Advisory,ES,State Authorised,IT Audit,6,19,28
auditor_2610,Copenhagen Review,SE,CPA,Forensics,7,25,171
auditor_2611,Seaside Audit,NL,CISA,Financial Audit,6,20,54
auditor_2612,Nordic Audit Partners,FR,ACCA,Internal Control,11,17,97
auditor_2613,Seaside Audit,SE,State Authorised,Financial Audit,6,17,84
auditor_2614,Capital Assurance,IT,ACCA,IT Audit,11,14,247
auditor_2615,Integrity Audit,DK,CPA,Sustainability,15,9,125
auditor_2616,Nordic Audit Partners,FR,State Authorised,Tax,4,14,280
auditor_2617,Seaside Audit,DK,None,Sustainability,6,21,163
auditor_2618,Nordic Audit Partners,NL,CPA,Financial Audit,2,9,23
auditor_2619,Global Assurance,GB,CIA,Financial Audit,3,1,163
auditor_2620,Capital Assurance,GB,State Authorised,Tax,18,19,6
auditor_2621,North Continental,IT,State Authorised,Financial Audit,4,13,38
auditor_2622,North Continental,FR,CISA,Internal Control,12,26,27
auditor_2623,Global Assurance,NL,None,Financial Audit,11,33,272
auditor_2624,Prime Advisory,DK,CISA,Financial Audit,22,8,345
auditor_2625,Capital Assurance,GB,State Authorised,Financial Audit,6,12,146
auditor_2626,Capital Assurance,ES,None,Internal Control,5,21,14
auditor_2627,Nordic Audit Partners,DE,None,Financial Audit,6,30,115
auditor_2628,Nordic Audit Partners,DE,State Authorised,Financial Audit,8,22,213
auditor_2629,Copenhagen Review,GB,State Authorised,Financial Audit,0,23,98
auditor_2630,Trust and Co,IT,ACCA,Financial Audit,8,28,24
auditor_2631,Trust and Co,IT,None,Internal Control,2,1,76
auditor_2632,Seaside Audit,FR,CIA,IT Audit,14,16,12
auditor_2633,Prime Advisory,IT,ACCA,IT Audit,5,3,29
auditor_2634,Integrity Audit,NL,CISA,IT Audit,9,6,209
auditor_2635,Global Assurance,DE,CISA,Tax,7,18,97
auditor_2636,Capital Assurance,ES,CISA,Financial Audit,11,25,146
auditor_2637,Prime Advisory,SE,State Authorised,IT Audit,10,15,163
auditor_2638,Prime Advisory,DK,CIA,IT Audit,6,18,98
auditor_2639,Seaside Audit,FI,ACCA,Financial Audit,5,11,157
auditor_2640,Copenhagen Review,ES,CPA,Financial Audit,14,29,19
auditor_2641,Integrity Audit,FR,CIA,Tax,14,14,168
auditor_2642,Global Assurance,NO,State Authorised,Financial Audit,3,19,145
auditor_2643,North Continental,IT,CPA,Tax,0,24,227
auditor_2644,Prime Advisory,SE,State Authorised,Financial Audit,7,31,104
auditor_2645,Integrity Audit,IT,CPA,Financial Audit,12,1,313
auditor_2646,Global Assurance,SE,State Authorised,Sustainability,15,15,0
auditor_2647,Trust and Co,DE,State Authorised,Forensics,9,3,155
auditor_2648,North Continental,NL,State Authorised,Sustainability,10,8,209
auditor_2649,Global Assurance,NL,ACCA,Financial Audit,12,27,120
auditor_2650,Atlas Audit,GB,CPA,Financial Audit,0,27,98
auditor_2651,Integrity Audit,NL,State Authorised,Forensics,1,31,287
auditor_2652,Seaside Audit,FI,State Authorised,Financial Audit,7,39,127
auditor_2653,Copenhagen Review,DE,CPA,IT Audit,6,11,250
auditor_2654,Seaside Audit,SE,CIA,Forensics,4,25,75
auditor_2655,Global Assurance,FI,State Authorised,Sustainability,5,28,89
auditor_2656,Copenhagen Review,DE,State Authorised,IT Audit,5,29,247
auditor_2657,Integrity Audit,FI,None,Forensics,11,11,79
auditor_2658,Seaside Audit,GB,ACCA,Financial Audit,8,21,40
auditor_2659,Integrity Audit,FR,State Authorised,Tax,11,18,0
auditor_2660,Capital Assurance,DE,CIA,Financial Audit,3,12,114
auditor_2661,Nordic Audit Partners,SE,State Authorised,Sustainability,17,20,52
auditor_2662,Copenhagen Review,FR,CIA,Sustainability,9,14,145
auditor_2663,Prime Advisory,NO,State Authorised,Financial Audit,10,30,118
auditor_2664,Trust and Co,NL,None,Financial Audit,16,27,63
auditor_2665,Nordic Audit Partners,FR,ACCA,Financial Audit,19,21,53
auditor_2666,Integrity Audit,SE,State Authorised,Tax,16,38,117
auditor_2667,Nordic Audit Partners,IT,ACCA,IT Audit,5,16,177
auditor_2668,Nordic Audit Partners,FR,None,IT Audit,14,23,128
auditor_2669,Nordic Audit Partners,DK,CPA,Internal Control,15,14,202
auditor_2670,Prime Advisory,ES,CPA,Tax,6,22,110
auditor_2671,Global Assurance,SE,State Authorised,Tax,7,14,227
auditor_2672,North Continental,FR,CIA,Internal Control,4,10,289
auditor_2673,Integrity Audit,FR,State Authorised,IT Audit,12,1,74
auditor_2674,Capital Assurance,DE,CIA,Sustainability,0,8,0
auditor_2675,Copenhagen Review,FR,State Authorised,Forensics,7,6,124
auditor_2676,Nordic Audit Partners,NO,None,Sustainability,0,18,86
auditor_2677,Trust and Co,NL,ACCA,Financial Audit,15,32,182
auditor_2678,Seaside Audit,NL,State Authorised,Financial Audit,6,37,0
auditor_2679,Seaside Audit,SE,None,Sustainability,0,17,300
auditor_2680,Atlas Audit,FR,None,Sustainability,6,16,4
auditor_2681,Trust and Co,DE,None,Financial Audit,12,27,183
auditor_2682,Capital Assurance,GB,CPA,Internal Control,4,10,16
auditor_2683,Integrity Audit,DE,State Authorised,IT Audit,8,7,25
auditor_2684,Capital Assurance,IT,State Authorised,Tax,5,13,76
auditor_2685,Copenhagen Review,NL,State Authorised,Internal Control,10,18,96
auditor_2686,North Continental,NO,ACCA,Financial Audit,8,8,128
auditor_2687,Integrity Audit,IT,CPA,Financial Audit,8,2,199
auditor_2688,North Continental,DE,State Authorised,Financial Audit,3,18,213
auditor_2689,North Continental,DK,State Authorised,Tax,12,18,91
auditor_2690,Global Assurance,DK,ACCA,Financial Audit,12,24,70
auditor_2691,Capital Assurance,DK,State Authorised,Financial Audit,4,1,132
auditor_2692,Integrity Audit,ES,CIA,Tax,7,29,148
auditor_2693,Trust and Co,SE,CIA,Financial Audit,14,11,211
auditor_2694,Prime Advisory,GB,CPA,Financial Audit,5,25,3
auditor_2695,Prime Advisory,DK,ACCA,Financial Audit,9,1,98
auditor_2696,Seaside Audit,GB,ACCA,Sustainability,10,12,35
auditor_2697,Integrity Audit,DE,CPA,Financial Audit,12,16,80
auditor_2698,Seaside Audit,NL,CISA,Financial Audit,8,44,212
auditor_2699,Prime Advisory,DE,State Authorised,IT Audit,13,22,133
auditor_2700,Integrity Audit,DE,State Authorised,IT Audit,0,11,81
auditor_2701,North Continental,ES,State Authorised,Tax,0,6,0
auditor_2702,Seaside Audit,SE,State Authorised,Financial Audit,7,26,208
auditor_2703,Capital Assurance,ES,None,Tax,10,8,0
auditor_2704,North Continental,NL,ACCA,Financial Audit,0,5,48
auditor_2705,Seaside Audit,FR,State Authorised,IT Audit,7,7,147
auditor_2706,Seaside Audit,SE,CISA,IT Audit,6,18,211
auditor_2707,Integrity Audit,FI,CPA,Financial Audit,2,22,118
auditor_2708,Copenhagen Review,ES,None,Sustainability,6,26,190
auditor_2709,Nordic Audit Partners,GB,State Authorised,Forensics,3,16,142
auditor_2710,North Continental,ES,ACCA,Financial Audit,6,23,142
auditor_2711,Nordic Audit Partners,DE,CISA,Forensics,17,2,110
auditor_2712,Capital Assurance,IT,State Authorised,Financial Audit,3,24,0
auditor_2713,North Continental,NL,None,Financial Audit,9,11,61
auditor_2714,Copenhagen Review,ES,CIA,Financial Audit,0,13,206
auditor_2715,Prime Advisory,ES,State Authorised,Tax,7,24,253
auditor_2716,North Continental,NO,State Authorised,Forensics,9,12,157
auditor_2717,Trust and Co,DE,CPA,Tax,5,12,0
auditor_2718,Nordic Audit Partners,FR,CPA,Financial Audit,12,14,134
auditor_2719,Global Assurance,DK,State Authorised,Sustainability,2,22,59
auditor_2720,Atlas Audit,SE,State Authorised,Financial Audit,7,26,183
auditor_2721,Nordic Audit Partners,ES,ACCA,Financial Audit,7,1,359
auditor_2722,Global Assurance,DE,ACCA,Internal Control,16,25,59
auditor_2723,Prime Advisory,ES,State Authorised,IT Audit,7,12,221
auditor_2724,North Continental,IT,State Authorised,Financial Audit,9,10,82
auditor_2725,Nordic Audit Partners,NO,State Authorised,Tax,13,34,242
auditor_2726,Prime Advisory,NO,CPA,Forensics,11,15,0
auditor_2727,Prime Advisory,FR,ACCA,Financial Audit,9,17,131
auditor_2728,Global Assurance,IT,ACCA,Forensics,8,4,164
auditor_2729,Seaside Audit,GB,CIA,Financial Audit,11,24,195
auditor_2730,Seaside Audit,GB,State Authorised,Financial Audit,11,13,114
auditor_2731,Global Assurance,IT,ACCA,IT Audit,8,19,199
auditor_2732,Nordic Audit Partners,IT,ACCA,Sustainability,11,38,296
auditor_2733,Capital Assurance,NO,ACCA,Tax,8,1,218
auditor_2734,Integrity Audit,DK,None,Financial Audit,5,9,88
auditor_2735,Atlas Audit,FI,State Authorised,Forensics,5,24,0
auditor_2736,Seaside Audit,ES,State Authorised,Forensics,2,21,169
auditor_2737,Capital Assurance,IT,State Authorised,Tax,11,10,41
auditor_2738,Trust and Co,DE,CISA,Forensics,5,20,238
auditor_2739,Seaside Audit,SE,None,Forensics,0,15,13
auditor_2740,Seaside Audit,FR,CPA,Financial Audit,0,27,163
auditor_2741,Atlas Audit,ES,State Authorised,Forensics,10,27,81
auditor_2742,Copenhagen Review,IT,State Authorised,IT Audit,5,39,100
auditor_2743,Seaside Audit,SE,State Authorised,Sustainability,11,18,0
auditor_2744,Trust and Co,FI,State Authorised,Financial Audit,0,12,204
auditor_2745,North Continental,NL,CISA,Internal Control,11,27,41
auditor_2746,Prime Advisory,SE,None,Financial Audit,16,8,137
auditor_2747,Seaside Audit,GB,None,Financial Audit,7,16,227
auditor_2748,Integrity Audit,SE,State Authorised,Tax,4,4,121
auditor_2749,North Continental,NL,CPA,Tax,6,51,174
auditor_2750,Trust and Co,NL,State Authorised,Financial Audit,5,7,0
auditor_2751,Trust and Co,IT,CPA,Financial Audit,2,19,234
auditor_2752,North Continental,FR,CIA,Financial Audit,13,20,94
auditor_2753,Trust and Co,GB,CISA,Tax,9,12,257
auditor_2754,Prime Advisory,SE,CPA,IT Audit,7,17,0
auditor_2755,Global Assurance,FI,State Authorised,Financial Audit,7,26,34
auditor_2756,Nordic Audit Partners,NL,CISA,IT Audit,4,25,1
auditor_2757,Global Assurance,NL,State Authorised,Tax,13,12,88
auditor_2758,Atlas Audit,FR,State Authorised,Financial Audit,2,21,316
auditor_2759,North Continental,ES,ACCA,IT Audit,11,9,210
auditor_2760,Atlas Audit,NO,CISA,Financial Audit,6,31,184
auditor_2761,Seaside Audit,SE,CPA,Financial Audit,0,7,195
auditor_2762,Atlas Audit,DE,State Authorised,IT Audit,8,7,69
auditor_2763,Nordic Audit Partners,IT,CPA,Financial Audit,0,17,296
auditor_2764,Integrity Audit,DE,ACCA,Financial Audit,12,39,190
auditor_2765,Trust and Co,DE,State Authorised,IT Audit,13,37,150
auditor_2766,Atlas Audit,IT,CPA,Financial Audit,7,28,236
auditor_2767,Nordic Audit Partners,ES,CIA,Financial Audit,5,10,131
auditor_2768,North Continental,DE,CIA,Financial Audit,12,25,6
auditor_2769,Seaside Audit,DE,State Authorised,Sustainability,17,11,98
auditor_2770,Nordic Audit Partners,NO,State Authorised,Tax,3,44,139
auditor_2771,Capital Assurance,DK,State Authorised,Financial Audit,3,26,181
auditor_2772,Copenhagen Review,IT,CIA,Tax,7,26,53
auditor_2773,Nordic Audit Partners,NL,None,Internal Control,5,1,14
auditor_2774,Copenhagen Review,IT,None,Sustainability,17,34,125
auditor_2775,North Continental,NO,State Authorised,Financial Audit,16,16,100
auditor_2776,Nordic Audit Partners,FR,CPA,Forensics,8,16,102
auditor_2777,Seaside Audit,FR,State Authorised,Tax,13,19,176
auditor_2778,Prime Advisory,DK,None,Financial Audit,13,21,42
auditor_2779,Prime Advisory,ES,CPA,Financial Audit,1,19,106
auditor_2780,Nordic Audit Partners,ES,ACCA,Financial Audit,8,17,326
auditor_2781,Seaside Audit,NO,ACCA,Financial Audit,1,1,146
auditor_2782,Trust and Co,SE,ACCA,Sustainability,6,21,166
auditor_2783,Capital Assurance,NL,State Authorised,Financial Audit,14,2,75
auditor_2784,Nordic Audit Partners,FI,State Authorised,IT Audit,10,25,295
auditor_2785,Prime Advisory,GB,CIA,Sustainability,12,17,48
auditor_2786,Atlas Audit,IT,State Authorised,Tax,5,12,172
auditor_2787,Prime Advisory,DK,State Authorised,Financial Audit,9,4,85
auditor_2788,Trust and Co,DE,State Authorised,Financial Audit,12,21,165
auditor_2789,Prime Advisory,DE,State Authorised,Financial Audit,9,34,138
auditor_2790,Global Assurance,SE,State Authorised,Internal Control,6,8,139
auditor_2791,Prime Advisory,FR,CIA,Tax,0,16,103
auditor_2792,Prime Advisory,FR,CIA,Internal Control,1,8,184
auditor_2793,Atlas Audit,DE,None,Financial Audit,9,19,144
auditor_2794,Integrity Audit,NL,CIA,IT Audit,8,30,129
auditor_2795,Nordic Audit Partners,NL,None,Forensics,0,34,149
auditor_2796,Copenhagen Review,FR,State Authorised,Financial Audit,5,5,151
auditor_2797,Trust and Co,ES,State Authorised,Tax,7,33,92
auditor_2798,Prime Advisory,SE,ACCA,Tax,3,26,194
auditor_2799,Trust and Co,DK,None,Forensics,8,24,116
auditor_2800,North Continental,SE,State Authorised,Tax,9,29,170
auditor_2801,Integrity Audit,DE,CPA,Financial Audit,7,31,0
auditor_2802,Global Assurance,DK,State Authorised,IT Audit,18,1,69
auditor_2803,North Continental,DK,None,Financial Audit,7,16,200
auditor_2804,Nordic Audit Partners,FI,State Authorised,Financial Audit,2,20,73
auditor_2805,Seaside Audit,ES,State Authorised,Financial Audit,9,17,127
auditor_2806,Atlas Audit,NL,None,Sustainability,5,12,142
auditor_2807,Capital Assurance,DE,CISA,IT Audit,12,12,50
auditor_2808,Nordic Audit Partners,NL,CIA,IT Audit,11,17,186
auditor_2809,Seaside Audit,DK,CISA,IT Audit,3,1,77
auditor_2810,Integrity Audit,ES,ACCA,IT Audit,4,17,69
auditor_2811,Copenhagen Review,ES,State Authorised,Internal Control,11,15,132
auditor_2812,North Continental,FI,State Authorised,Financial Audit,8,19,118
auditor_2813,Integrity Audit,SE,None,Tax,10,10,231
auditor_2814,Integrity Audit,NL,CPA,Financial Audit,6,4,135
auditor_2815,Integrity Audit,NL,State Authorised,Financial Audit,3,24,296
auditor_2816,Copenhagen Review,DK,State Authorised,IT Audit,4,21,0
auditor_2817,Capital Assurance,DE,CISA,Financial Audit,10,9,70
auditor_2818,Nordic Audit Partners,FR,State Authorised,Financial Audit,2,25,200
auditor_2819,Capital Assurance,FR,CPA,IT Audit,8,9,247
auditor_2820,Seaside Audit,DK,CPA,Financial Audit,4,1,156
auditor_2821,Copenhagen Review,ES,State Authorised,Financial Audit,2,27,89
auditor_2822,Trust and Co,DE,CISA,Financial Audit,11,32,23
auditor_2823,North Continental,NO,State Authorised,Financial Audit,5,17,243
auditor_2824,Copenhagen Review,DK,State Authorised,Forensics,4,12,158
auditor_2825,Trust and Co,ES,None,IT Audit,5,19,0
auditor_2826,Nordic Audit Partners,ES,CIA,Financial Audit,19,4,94
auditor_2827,Integrity Audit,DE,State Authorised,Tax,7,37,14
auditor_2828,Capital Assurance,ES,CIA,IT Audit,17,25,153
auditor_2829,Capital Assurance,SE,State Authorised,Financial Audit,3,23,62
auditor_2830,Atlas Audit,SE,State Authorised,Financial Audit,14,8,110
auditor_2831,Capital Assurance,GB,State Authorised,Financial Audit,5,8,179
auditor_2832,Integrity Audit,NO,State Authorised,IT Audit,10,30,0
auditor_2833,Capital Assurance,NL,None,Sustainability,13,43,83
auditor_2834,Capital Assurance,FR,None,Financial Audit,17,15,10
auditor_2835,Nordic Audit Partners,NO,ACCA,Financial Audit,6,28,52
auditor_2836,Trust and Co,IT,State Authorised,IT Audit,4,23,120
auditor_2837,Capital Assurance,ES,CIA,Tax,10,20,158
auditor_2838,Copenhagen Review,NL,None,Financial Audit,5,20,45
auditor_2839,Copenhagen Review,DK,CIA,Financial Audit,14,11,210
auditor_2840,Global Assurance,SE,None,Internal Control,6,20,80
auditor_2841,Copenhagen Review,ES,None,Forensics,2,1,35
auditor_2842,Seaside Audit,ES,CIA,Tax,6,20,200
auditor_2843,Atlas Audit,DK,CPA,Forensics,5,9,4
auditor_2844,Atlas Audit,FR,State Authorised,Financial Audit,10,31,221
auditor_2845,Copenhagen Review,DE,None,Financial Audit,11,24,255
auditor_2846,Capital Assurance,FI,ACCA,Tax,9,24,94
auditor_2847,Global Assurance,FI,ACCA,Internal Control,1,11,119
auditor_2848,Seaside Audit,NL,State Authorised,IT Audit,8,37,126
auditor_2849,Global Assurance,NL,CIA,IT Audit,13,13,95
auditor_2850,North Continental,GB,State Authorised,Tax,1,10,162
auditor_2851,Trust and Co,ES,State Authorised,Sustainability,8,27,134
auditor_2852,Copenhagen Review,NO,CPA,Tax,6,39,112
auditor_2853,Capital Assurance,NL,State Authorised,Financial Audit,13,13,176
auditor_2854,Atlas Audit,NO,CPA,Forensics,12,20,0
auditor_2855,Prime Advisory,NO,None,Financial Audit,8,30,162
auditor_2856,Global Assurance,GB,State Authorised,IT Audit,10,1,62
auditor_2857,North Continental,SE,State Authorised,Financial Audit,10,22,217
auditor_2858,Seaside Audit,DK,CIA,Internal Control,7,22,121
auditor_2859,Trust and Co,ES,None,Sustainability,3,1,154
auditor_2860,Seaside Audit,NL,State Authorised,Forensics,8,11,0
auditor_2861,Prime Advisory,DE,State Authorised,Sustainability,11,15,164
auditor_2862,Capital Assurance,IT,CPA,Financial Audit,17,1,64
auditor_2863,Nordic Audit Partners,SE,CIA,Financial Audit,6,32,0
auditor_2864,North Continental,GB,CPA,Tax,17,19,112
auditor_2865,Seaside Audit,DE,CISA,Forensics,7,13,203
auditor_2866,Trust and Co,IT,None,Internal Control,2,21,89
auditor_2867,Global Assurance,NO,None,IT Audit,4,43,153
auditor_2868,Capital Assurance,FR,ACCA,Financial Audit,11,29,6
auditor_2869,Atlas Audit,IT,State Authorised,Tax,16,1,58
auditor_2870,Prime Advisory,DE,ACCA,Financial Audit,5,23,137
auditor_2871,Atlas Audit,ES,CPA,Tax,7,17,41
auditor_2872,Seaside Audit,DE,State Authorised,Financial Audit,0,25,175
auditor_2873,Trust and Co,NO,State Authorised,Internal Control,15,10,175
auditor_2874,Prime Advisory,GB,CPA,IT Audit,6,29,201
auditor_2875,Copenhagen Review,NL,State Authorised,Financial Audit,9,14,196
auditor_2876,Global Assurance,DE,State Authorised,Financial Audit,11,11,13
auditor_2877,Trust and Co,DE,None,Financial Audit,6,33,211
auditor_2878,Copenhagen Review,SE,None,Forensics,2,6,221
auditor_2879,Trust and Co,SE,State Authorised,Tax,2,23,70
auditor_2880,Trust and Co,DK,CPA,Financial Audit,16,10,211
auditor_2881,Atlas Audit,ES,CISA,Financial Audit,8,20,0
auditor_2882,Nordic Audit Partners,NL,State Authorised,Internal Control,0,15,139
auditor_2883,Copenhagen Review,GB,CIA,IT Audit,2,7,164
auditor_2884,North Continental,DE,None,Tax,10,16,182
auditor_2885,Global Assurance,FR,None,IT Audit,2,14,251
auditor_2886,Global Assurance,NO,None,Tax,8,19,304
auditor_2887,Global Assurance,NL,CISA,Tax,1,25,253
auditor_2888,Prime Advisory,SE,State Authorised,IT Audit,6,26,41
auditor_2889,Integrity Audit,FR,CPA,IT Audit,4,21,183
auditor_2890,Global Assurance,NL,None,Financial Audit,13,33,114
auditor_2891,Global Assurance,ES,State Authorised,Tax,13,14,192
auditor_2892,Nordic Audit Partners,DK,State Authorised,IT Audit,9,22,153
auditor_2893,Prime Advisory,FI,State Authorised,Financial Audit,0,6,128
auditor_2894,Trust and Co,FR,State Authorised,Financial Audit,0,26,189
auditor_2895,Global Assurance,ES,None,Tax,9,6,230
auditor_2896,Nordic Audit Partners,GB,State Authorised,IT Audit,18,19,160
auditor_2897,Prime Advisory,NO,State Authorised,Forensics,9,23,110
auditor_2898,Copenhagen Review,GB,CPA,Financial Audit,7,27,307
auditor_2899,Capital Assurance,FR,CPA,Internal Control,0,16,25
auditor_2900,Integrity Audit,FI,None,Forensics,15,12,4
auditor_2901,North Continental,GB,CPA,IT Audit,11,35,173
auditor_2902,Integrity Audit,SE,State Authorised,Internal Control,9,22,233
auditor_2903,Integrity Audit,GB,None,Financial Audit,3,16,83
auditor_2904,Seaside Audit,SE,State Authorised,Internal Control,2,14,208
auditor_2905,Global Assurance,NL,CIA,Forensics,10,24,131
auditor_2906,North Continental,FR,CPA,Forensics,10,9,95
auditor_2907,Nordic Audit Partners,DE,State Authorised,Financial Audit,8,20,145
auditor_2908,Seaside Audit,DK,CPA,Financial Audit,7,14,372
auditor_2909,Capital Assurance,GB,ACCA,Financial Audit,12,22,101
auditor_2910,Seaside Audit,DE,None,Financial Audit,5,16,143
auditor_2911,Prime Advisory,NL,CPA,Financial Audit,0,2,69
auditor_2912,North Continental,GB,State Authorised,Sustainability,9,15,238
auditor_2913,Atlas Audit,FI,CISA,Financial Audit,0,10,241
auditor_2914,Copenhagen Review,IT,State Authorised,IT Audit,8,26,284
auditor_2915,Nordic Audit Partners,DK,CISA,Financial Audit,4,17,98
auditor_2916,Capital Assurance,NL,CISA,IT Audit,0,14,190
auditor_2917,Nordic Audit Partners,ES,State Authorised,IT Audit,10,24,89
auditor_2918,Trust and Co,ES,ACCA,Tax,4,30,80
auditor_2919,Integrity Audit,NO,None,Financial Audit,9,19,236
auditor_2920,Prime Advisory,ES,CIA,Internal Control,12,5,24
auditor_2921,Nordic Audit Partners,DK,CISA,IT Audit,10,17,83
auditor_2922,Atlas Audit,GB,CISA,Financial Audit,13,19,124
auditor_2923,Integrity Audit,DE,State Authorised,Forensics,11,14,245
auditor_2924,Prime Advisory,DK,State Authorised,Financial Audit,4,24,234
auditor_2925,Seaside Audit,GB,State Authorised,Tax,1,14,211
auditor_2926,Integrity Audit,SE,State Authorised,IT Audit,13,16,61
auditor_2927,Seaside Audit,DK,State Authorised,Tax,12,29,26
auditor_2928,Copenhagen Review,NO,State Authorised,IT Audit,1,20,170
auditor_2929,Seaside Audit,FI,CISA,Sustainability,6,24,63
auditor_2930,Capital Assurance,GB,CPA,Financial Audit,0,13,125
auditor_2931,Integrity Audit,FR,State Authorised,Financial Audit,6,6,0
auditor_2932,Copenhagen Review,FR,ACCA,Financial Audit,5,26,220
auditor_2933,Prime Advisory,GB,CPA,IT Audit,13,9,27
auditor_2934,Atlas Audit,ES,State Authorised,Financial Audit,10,24,152
auditor_2935,North Continental,GB,None,Tax,0,9,117
auditor_2936,Global Assurance,FR,State Authorised,Internal Control,10,25,131
auditor_2937,Seaside Audit,FI,ACCA,IT Audit,9,18,174
auditor_2938,Global Assurance,DE,State Authorised,Tax,9,18,98
auditor_2939,Global Assurance,SE,CPA,Financial Audit,8,22,141
auditor_2940,North Continental,IT,State Authorised,Financial Audit,9,31,141
auditor_2941,Copenhagen Review,FR,CPA,Tax,4,26,10
auditor_2942,Prime Advisory,DK,CISA,Financial Audit,2,21,161
auditor_2943,Integrity Audit,NL,CISA,Financial Audit,1,14,71
auditor_2944,Copenhagen Review,IT,ACCA,Financial Audit,5,27,176
auditor_2945,Prime Advisory,ES,CISA,IT Audit,7,12,12
auditor_2946,Capital Assurance,FI,State Authorised,Forensics,15,23,63
auditor_2947,Atlas Audit,ES,None,Internal Control,11,17,97
auditor_2948,Global Assurance,SE,ACCA,Financial Audit,10,10,92
auditor_2949,Trust and Co,DK,State Authorised,Tax,8,13,173
auditor_2950,Trust and Co,FI,ACCA,Internal Control,17,10,0
auditor_2951,Nordic Audit Partners,GB,ACCA,IT Audit,0,16,66
auditor_2952,Atlas Audit,FR,State Authorised,Sustainability,9,19,0
auditor_2953,Seaside Audit,GB,State Authorised,Financial Audit,0,20,130
auditor_2954,Integrity Audit,DE,CPA,IT Audit,5,1,157
auditor_2955,Capital Assurance,IT,CIA,Financial Audit,14,20,52
auditor_2956,Atlas Audit,FI,CISA,Internal Control,8,4,204
auditor_2957,Capital Assurance,ES,CPA,IT Audit,8,1,95
auditor_2958,Prime Advisory,NL,None,Tax,10,14,97
auditor_2959,Trust and Co,NO,CPA,Tax,1,23,68
auditor_2960,Nordic Audit Partners,NL,ACCA,Financial Audit,0,14,198
auditor_2961,Global Assurance,DK,State Authorised,Financial Audit,6,35,154
auditor_2962,Global Assurance,ES,ACCA,Financial Audit,9,16,114
auditor_2963,Copenhagen Review,FR,CPA,Financial Audit,6,14,162
auditor_2964,Atlas Audit,FI,State Authorised,Financial Audit,3,7,30
auditor_2965,Prime Advisory,DE,State Authorised,Sustainability,18,23,144
auditor_2966,Seaside Audit,IT,CIA,Financial Audit,2,24,110
auditor_2967,Seaside Audit,DE,CPA,Forensics,9,8,132
auditor_2968,Prime Advisory,SE,CPA,Financial Audit,5,10,178
auditor_2969,Prime Advisory,DE,State Authorised,IT Audit,0,23,174
auditor_2970,Trust and Co,ES,CPA,Tax,3,9,102
auditor_2971,Capital Assurance,IT,CISA,IT Audit,9,16,154
auditor_2972,Integrity Audit,IT,CIA,IT Audit,16,12,0
auditor_2973,Trust and Co,DK,CISA,Internal Control,12,34,151
auditor_2974,Global Assurance,IT,State Authorised,Financial Audit,2,16,30
auditor_2975,Nordic Audit Partners,NL,State Authorised,Internal Control,11,4,95
auditor_2976,Trust and Co,ES,CISA,Financial Audit,2,19,90
auditor_2977,North Continental,NL,State Authorised,Tax,8,18,41
auditor_2978,Prime Advisory,ES,ACCA,Tax,11,17,40
auditor_2979,North Continental,NL,State Authorised,IT Audit,19,22,107
auditor_2980,Atlas Audit,SE,None,Tax,15,36,108
auditor_2981,Trust and Co,DE,CIA,Tax,9,8,108
auditor_2982,Atlas Audit,FR,ACCA,Tax,7,19,146
auditor_2983,Global Assurance,ES,None,Forensics,10,20,23
auditor_2984,Trust and Co,DK,None,Sustainability,3,12,97
auditor_2985,Capital Assurance,GB,State Authorised,IT Audit,13,6,91
auditor_2986,Prime Advisory,GB,ACCA,Internal Control,12,15,156
auditor_2987,Nordic Audit Partners,FI,ACCA,IT Audit,7,20,101
auditor_2988,Nordic Audit Partners,IT,State Authorised,Financial Audit,11,2,90
auditor_2989,Capital Assurance,DE,CPA,Financial Audit,9,23,239
auditor_2990,Integrity Audit,DK,CPA,Forensics,6,32,67
auditor_2991,Seaside Audit,DK,None,Forensics,14,26,46
auditor_2992,Integrity Audit,DK,None,Tax,9,17,170
auditor_2993,North Continental,IT,CPA,IT Audit,6,14,229
auditor_2994,North Continental,ES,CISA,Financial Audit,7,26,101
auditor_2995,Nordic Audit Partners,IT,None,Financial Audit,16,11,70
auditor_2996,Trust and Co,NO,State Authorised,Tax,15,13,248
auditor_2997,Global Assurance,DK,ACCA,Tax,12,16,0
auditor_2998,Capital Assurance,SE,None,Financial Audit,7,19,213
auditor_2999,Prime Advisory,IT,CIA,Financial Audit,15,11,184
auditor_3000,Capital Assurance,NO,None,IT Audit,11,28,159
auditor_3001,Capital Assurance,ES,State Authorised,Forensics,0,16,27
auditor_3002,Seaside Audit,DK,State Authorised,Tax,6,27,144
auditor_3003,Atlas Audit,NO,CIA,Financial Audit,13,21,16
auditor_3004,North Continental,DK,State Authorised,Financial Audit,0,19,102
auditor_3005,Atlas Audit,GB,State Authorised,Tax,3,1,61
auditor_3006,Nordic Audit Partners,DE,State Authorised,Financial Audit,7,24,135
auditor_3007,Capital Assurance,FR,CPA,Forensics,16,7,190
auditor_3008,Copenhagen Review,FR,State Authorised,Sustainability,8,24,85
auditor_3009,Trust and Co,SE,State Authorised,IT Audit,13,20,65
auditor_3010,Nordic Audit Partners,NO,CISA,Financial Audit,7,15,159
auditor_3011,Capital Assurance,FR,State Authorised,Tax,2,17,151
auditor_3012,Prime Advisory,DE,CISA,Forensics,8,31,181
auditor_3013,Prime Advisory,NO,State Authorised,Financial Audit,7,20,143
auditor_3014,Integrity Audit,NO,State Authorised,IT Audit,10,1,95
auditor_3015,Seaside Audit,FI,CISA,Financial Audit,0,30,115
auditor_3016,Prime Advisory,NO,None,Financial Audit,7,26,153
auditor_3017,North Continental,DE,State Authorised,Financial Audit,2,17,93
auditor_3018,Capital Assurance,NL,CISA,IT Audit,0,11,105
auditor_3019,Trust and Co,DK,None,IT Audit,7,3,212
auditor_3020,Trust and Co,ES,CPA,Internal Control,7,18,152
auditor_3021,Seaside Audit,NL,CPA,Forensics,4,22,90
auditor_3022,Integrity Audit,FI,State Authorised,Internal Control,3,23,239
auditor_3023,Atlas Audit,DE,State Authorised,Tax,11,27,78
auditor_3024,Integrity Audit,FI,ACCA,Financial Audit,0,32,284
auditor_3025,Global Assurance,ES,CIA,Financial Audit,15,14,27
auditor_3026,Trust and Co,FR,CPA,Financial Audit,2,1,111
auditor_3027,Seaside Audit,IT,None,Financial Audit,16,16,144
auditor_3028,Global Assurance,NL,None,Financial Audit,14,13,282
auditor_3029,Seaside Audit,FR,State Authorised,Forensics,17,16,73
auditor_3030,Global Assurance,NO,None,Financial Audit,11,14,27
auditor_3031,North Continental,ES,State Authorised,Financial Audit,14,30,132
auditor_3032,Copenhagen Review,FR,CPA,Forensics,1,5,128
auditor_3033,Seaside Audit,FR,CISA,Financial Audit,5,14,201
auditor_3034,Capital Assurance,IT,State Authorised,Forensics,11,31,40
auditor_3035,Integrity Audit,DK,None,Sustainability,6,25,155
auditor_3036,Atlas Audit,SE,ACCA,Tax,15,22,267
auditor_3037,Copenhagen Review,GB,CPA,Financial Audit,10,28,94
auditor_3038,Trust and Co,DE,None,Internal Control,8,27,249
auditor_3039,Atlas Audit,FI,None,IT Audit,11,17,230
auditor_3040,Trust and Co,NO,CIA,Tax,0,3,174
auditor_3041,Nordic Audit Partners,SE,State Authorised,Tax,8,24,125
auditor_3042,Capital Assurance,FR,ACCA,IT Audit,10,9,165
auditor_3043,Trust and Co,FI,None,Financial Audit,12,30,281
auditor_3044,Global Assurance,NO,State Authorised,Financial Audit,9,20,0
auditor_3045,Global Assurance,FI,State Authorised,IT Audit,5,16,204
auditor_3046,Capital Assurance,DK,ACCA,Financial Audit,4,25,119
auditor_3047,North Continental,ES,CIA,Forensics,7,20,88
auditor_3048,North Continental,GB,CISA,Forensics,5,1,100
auditor_3049,Global Assurance,GB,State Authorised,Tax,5,12,153
auditor_3050,Trust and Co,GB,CISA,Sustainability,11,20,199
auditor_3051,Seaside Audit,IT,ACCA,Financial Audit,10,15,82
auditor_3052,North Continental,IT,State Authorised,Sustainability,9,23,231
auditor_3053,Trust and Co,FI,ACCA,Financial Audit,13,12,111
auditor_3054,Nordic Audit Partners,IT,CPA,Financial Audit,11,28,195
auditor_3055,Global Assurance,FI,State Authorised,Financial Audit,7,5,40
auditor_3056,Prime Advisory,DE,ACCA,Financial Audit,9,21,32
auditor_3057,Trust and Co,GB,State Authorised,Financial Audit,8,24,27
auditor_3058,North Continental,DK,State Authorised,Internal Control,13,14,220
auditor_3059,Trust and Co,NO,ACCA,IT Audit,5,7,83
auditor_3060,Global Assurance,FR,CISA,Financial Audit,7,14,102
auditor_3061,Global Assurance,GB,CISA,Financial Audit,9,16,114
auditor_3062,Capital Assurance,NO,CPA,Financial Audit,0,21,112
auditor_3063,North Continental,DK,ACCA,Internal Control,16,8,0
auditor_3064,Seaside Audit,GB,CISA,Financial Audit,11,21,39
auditor_3065,Integrity Audit,SE,CPA,Tax,0,33,233
auditor_3066,North Continental,ES,ACCA,IT Audit,0,13,253
auditor_3067,Capital Assurance,ES,None,Financial Audit,5,13,97
auditor_3068,Trust and Co,GB,CPA,Financial Audit,2,1,204
auditor_3069,Global Assurance,NO,State Authorised,Internal Control,0,20,190
auditor_3070,Copenhagen Review,DE,State Authorised,Tax,0,8,217
auditor_3071,North Continental,GB,State Authorised,Financial Audit,10,11,216
auditor_3072,Global Assurance,FR,ACCA,Financial Audit,14,20,47
auditor_3073,Copenhagen Review,NL,State Authorised,Financial Audit,5,20,104
auditor_3074,Integrity Audit,DK,CPA,Financial Audit,12,2,0
auditor_3075,Capital Assurance,GB,State Authorised,Financial Audit,8,13,69
auditor_3076,Nordic Audit Partners,IT,State Authorised,Tax,0,18,115
auditor_3077,Atlas Audit,GB,State Authorised,Financial Audit,11,18,109
auditor_3078,Global Assurance,NO,CIA,Forensics,13,4,162
auditor_3079,Seaside Audit,DE,State Authorised,IT Audit,0,9,22
auditor_3080,Copenhagen Review,FI,None,Sustainability,11,17,118
auditor_3081,Atlas Audit,IT,ACCA,Financial Audit,2,15,58
auditor_3082,Capital Assurance,DK,State Authorised,Internal Control,9,8,226
auditor_3083,Global Assurance,GB,CPA,Tax,0,9,254
auditor_3084,Capital Assurance,DE,ACCA,Financial Audit,5,4,137
auditor_3085,Integrity Audit,SE,CISA,Financial Audit,5,9,32
auditor_3086,Global Assurance,FI,CPA,Internal Control,21,15,0
auditor_3087,Copenhagen Review,ES,CPA,Tax,15,24,58
auditor_3088,Nordic Audit Partners,NL,CPA,Financial Audit,3,24,100
auditor_3089,Seaside Audit,DE,CIA,Tax,0,35,85
auditor_3090,Integrity Audit,ES,CIA,IT Audit,15,30,39
auditor_3091,Trust and Co,DE,State Authorised,Financial Audit,13,11,0
auditor_3092,Nordic Audit Partners,GB,CIA,Financial Audit,5,21,82
auditor_3093,North Continental,IT,CISA,Forensics,6,29,128
auditor_3094,Global Assurance,FI,State Authorised,Forensics,3,25,135
auditor_3095,Prime Advisory,SE,CPA,Tax,0,22,151
auditor_3096,Copenhagen Review,FR,CPA,Forensics,8,26,66
auditor_3097,Capital Assurance,ES,ACCA,Sustainability,9,2,152
auditor_3098,Nordic Audit Partners,NL,State Authorised,Financial Audit,17,8,59
auditor_3099,North Continental,NO,ACCA,Tax,4,19,34
auditor_3100,Prime Advisory,ES,CIA,Forensics,10,26,162
auditor_3101,Integrity Audit,GB,State Authorised,Sustainability,0,27,194
auditor_3102,Global Assurance,FR,CPA,Financial Audit,12,21,137
auditor_3103,Prime Advisory,ES,ACCA,Financial Audit,13,37,43
auditor_3104,Capital Assurance,FR,CIA,Financial Audit,13,17,109
auditor_3105,Copenhagen Review,IT,State Authorised,Financial Audit,0,15,40
auditor_3106,Seaside Audit,GB,None,Financial Audit,5,7,84
auditor_3107,Integrity Audit,ES,CIA,Internal Control,5,18,0
auditor_3108,Seaside Audit,ES,State Authorised,IT Audit,0,21,56
auditor_3109,Global Assurance,SE,ACCA,Financial Audit,13,20,168
auditor_3110,Global Assurance,IT,State Authorised,Sustainability,15,14,74
auditor_3111,Seaside Audit,ES,ACCA,Tax,12,23,105
auditor_3112,Seaside Audit,IT,State Authorised,Tax,14,15,122
auditor_3113,Global Assurance,NL,CPA,IT Audit,8,8,126
auditor_3114,Prime Advisory,GB,ACCA,IT Audit,14,22,122
auditor_3115,North Continental,NO,None,Financial Audit,7,21,179
auditor_3116,Integrity Audit,DK,CPA,Financial Audit,11,14,145
auditor_3117,North Continental,NO,CIA,Financial Audit,10,7,133
auditor_3118,Copenhagen Review,GB,None,Financial Audit,0,22,172
auditor_3119,Nordic Audit Partners,IT,State Authorised,IT Audit,11,14,144
auditor_3120,Atlas Audit,SE,CPA,Tax,15,32,117
auditor_3121,Nordic Audit Partners,NL,CPA,Financial Audit,8,29,0
auditor_3122,North Continental,SE,None,Financial Audit,6,31,198
auditor_3123,Copenhagen Review,GB,CPA,Sustainability,9,2,116
auditor_3124,Trust and Co,FR,ACCA,Sustainability,5,21,55
auditor_3125,Trust and Co,FR,None,Sustainability,2,1,217
auditor_3126,Capital Assurance,NO,State Authorised,Sustainability,6,19,119
auditor_3127,Prime Advisory,IT,ACCA,Financial Audit,2,5,39
auditor_3128,Copenhagen Review,FR,None,Tax,4,21,56
auditor_3129,North Continental,ES,CPA,Tax,16,28,184
auditor_3130,Capital Assurance,NO,State Authorised,Tax,7,33,102
auditor_3131,Global Assurance,DK,CIA,Forensics,7,19,176
auditor_3132,Seaside Audit,ES,None,Sustainability,11,13,77
auditor_3133,Global Assurance,GB,None,Sustainability,11,25,88
auditor_3134,Atlas Audit,SE,CIA,IT Audit,0,15,169
auditor_3135,Atlas Audit,DK,ACCA,Tax,17,6,85
auditor_3136,Nordic Audit Partners,DE,CISA,Tax,6,31,117
auditor_3137,Nordic Audit Partners,NL,ACCA,Sustainability,3,23,87
auditor_3138,North Continental,GB,CISA,Financial Audit,1,9,258
auditor_3139,Integrity Audit,IT,CISA,Financial Audit,9,19,100
auditor_3140,Trust and Co,NL,ACCA,Financial Audit,9,20,143
auditor_3141,Prime Advisory,FR,State Authorised,Financial Audit,8,26,121
auditor_3142,Global Assurance,FR,None,IT Audit,3,11,0
auditor_3143,Prime Advisory,DE,State Authorised,Forensics,18,26,53
auditor_3144,Capital Assurance,FR,CIA,IT Audit,6,11,243
auditor_3145,Copenhagen Review,DK,CISA,Financial Audit,0,19,111
auditor_3146,Integrity Audit,DK,State Authorised,Financial Audit,12,16,0
auditor_3147,Capital Assurance,DE,State Authorised,Tax,6,8,126
auditor_3148,Copenhagen Review,DE,ACCA,Financial Audit,15,1,55
auditor_3149,Integrity Audit,NO,CIA,Forensics,5,14,179
auditor_3150,Trust and Co,IT,State Authorised,Financial Audit,7,22,69
auditor_3151,Prime Advisory,DK,None,IT Audit,9,25,61
auditor_3152,Trust and Co,IT,State Authorised,Financial Audit,11,18,203
auditor_3153,Atlas Audit,ES,ACCA,IT Audit,6,21,116
auditor_3154,Trust and Co,NL,CPA,IT Audit,7,20,162
auditor_3155,Atlas Audit,NL,CPA,Financial Audit,1,32,0
auditor_3156,North Continental,NO,None,IT Audit,4,17,152
auditor_3157,North Continental,GB,State Authorised,Internal Control,15,1,79
auditor_3158,Capital Assurance,FI,State Authorised,Financial Audit,0,18,141
auditor_3159,Integrity Audit,IT,CISA,Tax,15,19,203
auditor_3160,Prime Advisory,NL,ACCA,IT Audit,10,13,7
auditor_3161,Nordic Audit Partners,ES,None,Tax,9,3,223
auditor_3162,Capital Assurance,DK,ACCA,Financial Audit,7,29,81
auditor_3163,Capital Assurance,ES,State Authorised,IT Audit,9,20,116
auditor_3164,Atlas Audit,ES,None,Internal Control,5,21,45
auditor_3165,Nordic Audit Partners,FR,CPA,Financial Audit,1,30,178
auditor_3166,Integrity Audit,NO,CIA,Forensics,8,34,98
auditor_3167,Prime Advisory,FI,CIA,IT Audit,14,19,38
auditor_3168,Nordic Audit Partners,IT,State Authorised,Financial Audit,17,27,110
auditor_3169,Prime Advisory,SE,None,Financial Audit,11,13,186
auditor_3170,Integrity Audit,DK,State Authorised,Financial Audit,0,7,198
auditor_3171,Copenhagen Review,FR,ACCA,IT Audit,6,20,12
auditor_3172,Nordic Audit Partners,NL,CISA,Financial Audit,17,29,103
auditor_3173,North Continental,SE,ACCA,IT Audit,5,28,278
auditor_3174,Global Assurance,ES,CPA,IT Audit,12,39,46
auditor_3175,Integrity Audit,IT,State Authorised,Financial Audit,3,6,155
auditor_3176,Global Assurance,FR,CISA,Financial Audit,8,16,184
auditor_3177,Copenhagen Review,FR,None,Financial Audit,14,2,72
auditor_3178,Seaside Audit,IT,State Authorised,Forensics,12,13,56
auditor_3179,Capital Assurance,ES,ACCA,Financial Audit,13,5,95
auditor_3180,Integrity Audit,DE,None,Financial Audit,9,12,182
auditor_3181,Integrity Audit,ES,CPA,IT Audit,5,32,109
auditor_3182,Global Assurance,NO,ACCA,Financial Audit,11,25,69
auditor_3183,Atlas Audit,FR,ACCA,Financial Audit,0,21,125
auditor_3184,Seaside Audit,DE,State Authorised,Sustainability,10,15,85
auditor_3185,Capital Assurance,ES,CISA,Financial Audit,18,3,178
auditor_3186,Global Assurance,FI,State Authorised,IT Audit,5,14,94
auditor_3187,Capital Assurance,ES,ACCA,Forensics,3,23,231
auditor_3188,Copenhagen Review,FI,CPA,Financial Audit,10,19,41
auditor_3189,Trust and Co,FI,CISA,Tax,10,39,89
auditor_3190,Trust and Co,IT,CIA,Financial Audit,6,12,80
auditor_3191,Atlas Audit,FR,CIA,Tax,0,22,52
auditor_3192,Integrity Audit,FI,None,IT Audit,0,25,33
auditor_3193,Integrity Audit,NL,State Authorised,Financial Audit,6,32,7
auditor_3194,Capital Assurance,NL,ACCA,Financial Audit,0,20,211
auditor_3195,Seaside Audit,GB,State Authorised,Internal Control,0,22,166
auditor_3196,Nordic Audit Partners,GB,ACCA,Tax,0,25,190
auditor_3197,North Continental,DE,State Authorised,Forensics,6,30,210
auditor_3198,Prime Advisory,DE,State Authorised,Financial Audit,8,13,42
auditor_3199,Capital Assurance,GB,CISA,Financial Audit,7,23,94
auditor_3200,Atlas Audit,FI,CISA,IT Audit,0,30,135
auditor_3201,North Continental,DE,State Authorised,Financial Audit,6,26,241
auditor_3202,Capital Assurance,FR,None,IT Audit,0,22,5
auditor_3203,Nordic Audit Partners,GB,CIA,Sustainability,10,19,170
auditor_3204,North Continental,FI,State Authorised,IT Audit,5,1,83
auditor_3205,Seaside Audit,DK,State Authorised,Forensics,10,28,26
auditor_3206,Integrity Audit,ES,ACCA,Sustainability,13,11,148
auditor_3207,Global Assurance,FR,State Authorised,Tax,5,19,191
auditor_3208,Capital Assurance,GB,CISA,Sustainability,1,11,134
auditor_3209,Copenhagen Review,DE,CPA,IT Audit,20,9,283
auditor_3210,North Continental,FI,State Authorised,IT Audit,18,17,96
auditor_3211,Integrity Audit,ES,CPA,Financial Audit,4,17,7
auditor_3212,Nordic Audit Partners,NO,CISA,Financial Audit,7,32,71
auditor_3213,Capital Assurance,NL,None,Financial Audit,6,1,149
auditor_3214,Prime Advisory,NO,State Authorised,Financial Audit,9,18,102
auditor_3215,Capital Assurance,NL,State Authorised,Internal Control,6,23,117
auditor_3216,Integrity Audit,DE,CPA,Internal Control,9,20,209
auditor_3217,Trust and Co,SE,CPA,Financial Audit,11,19,241
auditor_3218,North Continental,DK,CISA,Financial Audit,10,31,168
auditor_3219,Atlas Audit,NL,State Authorised,Financial Audit,0,31,130
auditor_3220,Nordic Audit Partners,ES,None,Financial Audit,7,20,92
auditor_3221,Atlas Audit,FR,State Authorised,Financial Audit,9,12,221
auditor_3222,Global Assurance,SE,CPA,Internal Control,7,14,46
auditor_3223,Global Assurance,ES,State Authorised,IT Audit,9,19,151
auditor_3224,Global Assurance,IT,None,IT Audit,2,1,170
auditor_3225,Prime Advisory,SE,CISA,Financial Audit,15,7,247
auditor_3226,Integrity Audit,FR,ACCA,Sustainability,9,17,88
auditor_3227,Trust and Co,NL,State Authorised,Forensics,1,27,57
auditor_3228,Capital Assurance,FR,CPA,Forensics,4,27,0
auditor_3229,Seaside Audit,DK,ACCA,Financial Audit,0,17,143
auditor_3230,Copenhagen Review,GB,State Authorised,Financial Audit,10,14,322
auditor_3231,Seaside Audit,NO,State Authorised,Financial Audit,6,15,56
auditor_3232,Capital Assurance,ES,ACCA,Forensics,8,24,216
auditor_3233,Copenhagen Review,NL,None,Tax,0,15,155
auditor_3234,Copenhagen Review,NO,State Authorised,Financial Audit,10,18,163
auditor_3235,Integrity Audit,NO,State Authorised,IT Audit,3,33,199
auditor_3236,Nordic Audit Partners,NO,CPA,Internal Control,1,7,36
auditor_3237,Capital Assurance,NL,None,Forensics,11,5,93
auditor_3238,Prime Advisory,DE,State Authorised,Internal Control,10,17,140
auditor_3239,Prime Advisory,FI,CISA,Financial Audit,2,23,70
auditor_3240,North Continental,SE,CISA,Financial Audit,6,20,128
auditor_3241,North Continental,FI,ACCA,Financial Audit,8,10,96
auditor_3242,Seaside Audit,FI,State Authorised,Financial Audit,8,4,82
auditor_3243,Global Assurance,SE,None,IT Audit,9,5,212
auditor_3244,Copenhagen Review,ES,State Authorised,Tax,14,5,228
auditor_3245,Global Assurance,FR,CIA,Financial Audit,7,22,80
auditor_3246,Capital Assurance,GB,State Authorised,Internal Control,12,22,54
auditor_3247,Atlas Audit,NL,ACCA,IT Audit,2,3,135
auditor_3248,North Continental,DK,State Authorised,Tax,10,24,110
auditor_3249,Seaside Audit,SE,ACCA,Internal Control,2,11,212
auditor_3250,Global Assurance,GB,None,Forensics,5,19,33
auditor_3251,Prime Advisory,SE,CIA,Tax,9,13,203
auditor_3252,North Continental,DK,None,Financial Audit,11,13,109
auditor_3253,Capital Assurance,DK,State Authorised,Financial Audit,5,3,51
auditor_3254,Copenhagen Review,DK,State Authorised,Financial Audit,8,21,131
auditor_3255,North Continental,DK,State Authorised,Tax,6,27,125
auditor_3256,Integrity Audit,NL,CPA,Tax,11,1,0
auditor_3257,Seaside Audit,NO,State Authorised,IT Audit,9,3,103
auditor_3258,Trust and Co,NO,ACCA,Sustainability,6,33,151
auditor_3259,Trust and Co,DK,ACCA,Financial Audit,8,26,149
auditor_3260,Capital Assurance,DE,CPA,Financial Audit,5,28,31
auditor_3261,Nordic Audit Partners,NL,State Authorised,IT Audit,9,2,136
auditor_3262,Trust and Co,GB,State Authorised,Financial Audit,8,34,0
auditor_3263,Copenhagen Review,ES,State Authorised,Financial Audit,4,26,146
auditor_3264,Capital Assurance,FI,State Authorised,Internal Control,8,8,72
auditor_3265,Global Assurance,FR,ACCA,Financial Audit,14,17,150
auditor_3266,Atlas Audit,FR,State Authorised,IT Audit,7,6,194
auditor_3267,Nordic Audit Partners,DE,ACCA,Sustainability,10,41,38
auditor_3268,Integrity Audit,NO,State Authorised,IT Audit,12,4,132
auditor_3269,Copenhagen Review,SE,ACCA,Tax,12,1,103
auditor_3270,Copenhagen Review,FI,State Authorised,IT Audit,5,10,150
auditor_3271,Trust and Co,FI,CIA,Tax,13,16,136
auditor_3272,Seaside Audit,DE,None,Financial Audit,8,18,32
auditor_3273,Prime Advisory,DE,State Authorised,Forensics,13,20,151
auditor_3274,Capital Assurance,FR,CIA,IT Audit,3,13,105
auditor_3275,Copenhagen Review,DE,CISA,Financial Audit,0,1,71
auditor_3276,Seaside Audit,NL,CIA,IT Audit,10,11,38
auditor_3277,Nordic Audit Partners,GB,CPA,Tax,3,13,91
auditor_3278,Trust and Co,DK,State Authorised,Financial Audit,18,28,201
auditor_3279,Prime Advisory,NO,ACCA,Financial Audit,13,8,22
auditor_3280,North Continental,FR,None,Financial Audit,2,31,76
auditor_3281,Copenhagen Review,GB,ACCA,Financial Audit,1,13,100
auditor_3282,Copenhagen Review,DE,CPA,Financial Audit,9,20,53
auditor_3283,Integrity Audit,ES,None,Financial Audit,11,11,107
auditor_3284,Trust and Co,DE,State Authorised,Sustainability,11,11,74
auditor_3285,Atlas Audit,FR,CIA,Forensics,10,9,89
auditor_3286,Capital Assurance,ES,State Authorised,Tax,10,38,168
auditor_3287,Seaside Audit,DK,None,Financial Audit,10,23,34
auditor_3288,Prime Advisory,FR,CISA,Financial Audit,8,17,145
auditor_3289,Integrity Audit,NO,None,Financial Audit,8,21,95
auditor_3290,Seaside Audit,ES,None,Financial Audit,8,5,94
auditor_3291,Atlas Audit,NO,ACCA,Internal Control,14,21,118
auditor_3292,Atlas Audit,FI,State Authorised,Forensics,17,4,31
auditor_3293,Nordic Audit Partners,FI,CIA,Financial Audit,16,18,100
auditor_3294,Copenhagen Review,NO,CPA,IT Audit,2,22,163
auditor_3295,Nordic Audit Partners,ES,ACCA,Financial Audit,2,16,93
auditor_3296,Atlas Audit,NO,ACCA,Financial Audit,9,6,220
auditor_3297,Trust and Co,IT,State Authorised,Internal Control,12,14,102
auditor_3298,Trust and Co,ES,None,IT Audit,7,10,84
auditor_3299,Prime Advisory,DE,State Authorised,Internal Control,6,34,195
auditor_3300,Seaside Audit,DE,ACCA,IT Audit,12,21,30
auditor_3301,Seaside Audit,FR,ACCA,Financial Audit,7,27,19
auditor_3302,Integrity Audit,DK,State Authorised,Forensics,11,41,204
auditor_3303,Integrity Audit,FI,None,IT Audit,15,20,197
auditor_3304,Global Assurance,DK,CISA,Financial Audit,4,25,172
auditor_3305,North Continental,NO,CISA,Tax,9,31,76
auditor_3306,Prime Advisory,GB,CISA,Forensics,7,18,37
auditor_3307,Seaside Audit,IT,State Authorised,Tax,9,1,203
auditor_3308,Global Assurance,FI,None,Financial Audit,8,12,53
auditor_3309,Seaside Audit,SE,CIA,IT Audit,6,24,163
auditor_3310,Trust and Co,FI,ACCA,Forensics,4,9,172
auditor_3311,Capital Assurance,DK,CPA,IT Audit,4,18,129
auditor_3312,Atlas Audit,SE,CISA,IT Audit,9,26,18
auditor_3313,Prime Advisory,FR,State Authorised,Financial Audit,0,12,264
auditor_3314,Copenhagen Review,FR,State Authorised,Sustainability,18,36,104
auditor_3315,Capital Assurance,DE,None,Financial Audit,0,1,70
auditor_3316,Integrity Audit,SE,CPA,Financial Audit,7,31,189
auditor_3317,Trust and Co,FR,CISA,Financial Audit,9,9,43
auditor_3318,Global Assurance,SE,None,IT Audit,9,24,151
auditor_3319,Copenhagen Review,NL,State Authorised,Tax,2,24,154
auditor_3320,North Continental,GB,ACCA,Forensics,2,10,175
auditor_3321,Integrity Audit,DE,None,Forensics,6,33,160
auditor_3322,Capital Assurance,GB,CIA,Financial Audit,5,17,125
auditor_3323,Capital Assurance,SE,State Authorised,Tax,4,8,176
auditor_3324,North Continental,FI,CPA,Financial Audit,12,24,241
auditor_3325,Seaside Audit,DE,State Authorised,Tax,5,34,47
auditor_3326,North Continental,ES,CPA,IT Audit,2,1,84
auditor_3327,Copenhagen Review,ES,None,Forensics,5,23,139
auditor_3328,Nordic Audit Partners,IT,State Authorised,Tax,2,14,90
auditor_3329,Global Assurance,IT,State Authorised,Internal Control,0,8,58
auditor_3330,Prime Advisory,NL,CPA,Forensics,15,19,172
auditor_3331,Copenhagen Review,GB,CISA,Tax,0,29,224
auditor_3332,Nordic Audit Partners,NL,CPA,Financial Audit,0,10,159
auditor_3333,North Continental,IT,None,Financial Audit,11,11,95
auditor_3334,Seaside Audit,GB,CIA,Financial Audit,5,19,215
auditor_3335,Copenhagen Review,NO,State Authorised,Internal Control,4,28,57
auditor_3336,Global Assurance,DE,None,Tax,3,26,193
auditor_3337,North Continental,DE,ACCA,Forensics,12,4,82
auditor_3338,Capital Assurance,FI,State Authorised,Tax,12,18,34
auditor_3339,Capital Assurance,FR,CIA,Forensics,10,10,263
auditor_3340,Trust and Co,FI,CPA,Sustainability,15,24,228
auditor_3341,Capital Assurance,GB,CISA,Tax,8,25,238
auditor_3342,Trust and Co,FR,None,Financial Audit,9,15,0
auditor_3343,Copenhagen Review,ES,CIA,Tax,7,26,195
auditor_3344,Prime Advisory,NL,CISA,Financial Audit,10,12,0
auditor_3345,Global Assurance,GB,State Authorised,IT Audit,5,14,94
auditor_3346,Trust and Co,GB,State Authorised,Sustainability,11,37,129
auditor_3347,North Continental,NL,State Authorised,Financial Audit,6,15,129
auditor_3348,Capital Assurance,NO,None,Financial Audit,3,19,156
auditor_3349,Global Assurance,FI,CPA,Sustainability,9,22,154
auditor_3350,Atlas Audit,DE,CISA,IT Audit,0,24,66
auditor_3351,Seaside Audit,IT,CIA,Financial Audit,2,6,154
auditor_3352,Global Assurance,IT,None,Forensics,6,1,158
auditor_3353,Integrity Audit,NO,CIA,IT Audit,0,19,139
auditor_3354,Seaside Audit,NO,None,Financial Audit,12,35,10
auditor_3355,Integrity Audit,IT,CPA,Financial Audit,7,15,154
auditor_3356,Prime Advisory,FR,CISA,Financial Audit,9,14,84
auditor_3357,Trust and Co,DE,State Authorised,Financial Audit,2,27,156
auditor_3358,Prime Advisory,FI,None,Financial Audit,12,14,67
auditor_3359,Prime Advisory,NO,State Authorised,Financial Audit,2,21,36
auditor_3360,Nordic Audit Partners,IT,ACCA,Financial Audit,17,4,141
auditor_3361,Atlas Audit,ES,None,Financial Audit,15,23,134
auditor_3362,Trust and Co,ES,CPA,IT Audit,3,4,181
auditor_3363,Seaside Audit,DE,CIA,Internal Control,15,13,28
auditor_3364,Integrity Audit,GB,ACCA,Sustainability,0,8,110
auditor_3365,Prime Advisory,NL,CPA,Financial Audit,15,24,144
auditor_3366,Trust and Co,NL,None,Internal Control,5,12,232
auditor_3367,Prime Advisory,ES,CPA,Financial Audit,9,1,66
auditor_3368,Atlas Audit,FR,CPA,Financial Audit,3,12,165
auditor_3369,Copenhagen Review,FI,CIA,Tax,7,17,225
auditor_3370,Atlas Audit,FI,ACCA,IT Audit,4,36,66
auditor_3371,Nordic Audit Partners,FR,CPA,IT Audit,8,15,129
auditor_3372,Seaside Audit,SE,None,Financial Audit,10,22,59
auditor_3373,Atlas Audit,FR,CPA,Financial Audit,2,43,81
auditor_3374,Capital Assurance,FR,None,Financial Audit,11,1,97
auditor_3375,Capital Assurance,SE,None,Financial Audit,7,22,0
auditor_3376,Integrity Audit,DK,CIA,IT Audit,8,6,145
auditor_3377,Trust and Co,GB,State Authorised,IT Audit,2,9,98
auditor_3378,Atlas Audit,DE,State Authorised,IT Audit,2,13,24
auditor_3379,Atlas Audit,GB,State Authorised,IT Audit,0,28,16
auditor_3380,Copenhagen Review,NL,None,Internal Control,7,25,70
auditor_3381,Nordic Audit Partners,NL,CPA,Tax,3,20,209
auditor_3382,Global Assurance,IT,State Authorised,Financial Audit,2,16,0
auditor_3383,Trust and Co,FI,State Authorised,IT Audit,6,18,51
auditor_3384,Trust and Co,NO,State Authorised,Sustainability,5,3,126
auditor_3385,Global Assurance,NL,State Authorised,Internal Control,13,7,70
auditor_3386,Copenhagen Review,GB,CISA,Financial Audit,10,30,0
auditor_3387,North Continental,NO,CISA,Financial Audit,7,20,111
auditor_3388,Integrity Audit,NL,State Authorised,Financial Audit,0,23,241
auditor_3389,Integrity Audit,FR,State Authorised,Financial Audit,8,7,78
auditor_3390,Prime Advisory,FI,ACCA,Forensics,16,27,171
auditor_3391,Global Assurance,NL,ACCA,Financial Audit,9,11,103
auditor_3392,Integrity Audit,DK,None,Financial Audit,7,23,240
auditor_3393,Atlas Audit,DK,CIA,Financial Audit,13,3,137
auditor_3394,Nordic Audit Partners,ES,State Authorised,Financial Audit,11,24,69
auditor_3395,Integrity Audit,DK,CISA,IT Audit,22,5,33
auditor_3396,Capital Assurance,SE,None,Financial Audit,9,39,53
auditor_3397,Copenhagen Review,FR,State Authorised,Financial Audit,6,28,118
auditor_3398,Capital Assurance,SE,None,Sustainability,6,23,141
auditor_3399,Copenhagen Review,NL,CPA,Sustainability,13,30,144
auditor_3400,Trust and Co,ES,State Authorised,Tax,9,20,159
auditor_3401,Nordic Audit Partners,IT,State Authorised,IT Audit,8,17,215
auditor_3402,Global Assurance,DE,None,Financial Audit,15,2,120
auditor_3403,Trust and Co,IT,CPA,Sustainability,4,14,152
auditor_3404,North Continental,FI,CPA,Internal Control,11,16,0
auditor_3405,Capital Assurance,FR,None,IT Audit,3,26,0
auditor_3406,Seaside Audit,FR,None,Forensics,13,23,225
auditor_3407,Global Assurance,NL,State Authorised,Financial Audit,7,1,154
auditor_3408,North Continental,FI,CISA,Financial Audit,14,27,66
auditor_3409,Nordic Audit Partners,FR,CISA,Sustainability,8,12,54
auditor_3410,Copenhagen Review,SE,CISA,Financial Audit,12,6,48
auditor_3411,Capital Assurance,ES,CPA,Forensics,2,3,131
auditor_3412,Atlas Audit,GB,CISA,Forensics,13,16,0
auditor_3413,Integrity Audit,NL,State Authorised,Tax,12,34,68
auditor_3414,Integrity Audit,GB,ACCA,Financial Audit,5,23,249
auditor_3415,North Continental,DK,ACCA,Financial Audit,5,4,170
auditor_3416,North Continental,IT,ACCA,IT Audit,11,18,75
auditor_3417,Integrity Audit,DK,CPA,Financial Audit,12,23,58
auditor_3418,Global Assurance,DE,None,Tax,8,4,174
auditor_3419,Copenhagen Review,ES,State Authorised,Financial Audit,6,13,117
auditor_3420,Nordic Audit Partners,ES,State Authorised,Internal Control,8,26,167
auditor_3421,Seaside Audit,FI,ACCA,IT Audit,7,25,152
auditor_3422,Seaside Audit,ES,CPA,Financial Audit,5,16,108
auditor_3423,Capital Assurance,DK,None,Financial Audit,10,14,88
auditor_3424,Trust and Co,FI,CIA,Financial Audit,17,27,59
auditor_3425,Prime Advisory,FR,State Authorised,Forensics,10,19,151
auditor_3426,Nordic Audit Partners,DK,None,Financial Audit,8,29,147
auditor_3427,Global Assurance,DE,State Authorised,Financial Audit,7,28,138
auditor_3428,Capital Assurance,NO,None,Tax,8,21,112
auditor_3429,Capital Assurance,GB,State Authorised,Financial Audit,8,12,59
auditor_3430,Prime Advisory,IT,CIA,Sustainability,3,4,49
auditor_3431,Seaside Audit,IT,CIA,Sustainability,7,19,98
auditor_3432,Integrity Audit,FI,None,Forensics,0,33,206
auditor_3433,Integrity Audit,GB,CIA,Financial Audit,10,37,41
auditor_3434,Seaside Audit,GB,State Authorised,Sustainability,17,8,139
auditor_3435,North Continental,DE,CPA,IT Audit,1,18,150
auditor_3436,Seaside Audit,DK,CIA,Financial Audit,7,25,127
auditor_3437,Prime Advisory,SE,CPA,Financial Audit,5,12,184
auditor_3438,North Continental,SE,State Authorised,Financial Audit,4,27,217
auditor_3439,Integrity Audit,GB,State Authorised,Financial Audit,0,29,284
auditor_3440,Copenhagen Review,DE,State Authorised,Financial Audit,9,23,202
auditor_3441,Prime Advisory,SE,CPA,IT Audit,6,19,14
auditor_3442,Trust and Co,ES,None,IT Audit,8,22,161
auditor_3443,Global Assurance,SE,State Authorised,Tax,13,10,77
auditor_3444,Trust and Co,SE,CISA,Tax,17,16,136
auditor_3445,Prime Advisory,GB,CPA,Financial Audit,7,9,249
auditor_3446,Trust and Co,FR,CPA,Financial Audit,5,6,83
auditor_3447,Atlas Audit,FI,CISA,Tax,0,11,42
auditor_3448,Nordic Audit Partners,IT,State Authorised,Financial Audit,11,11,191
auditor_3449,Integrity Audit,NO,ACCA,Financial Audit,14,25,102
auditor_3450,Nordic Audit Partners,GB,ACCA,Internal Control,8,2,109
auditor_3451,Atlas Audit,SE,State Authorised,IT Audit,3,24,325
auditor_3452,Capital Assurance,FR,State Authorised,Financial Audit,10,1,91
auditor_3453,Prime Advisory,IT,CPA,IT Audit,8,18,61
auditor_3454,Trust and Co,ES,None,Financial Audit,9,5,44
auditor_3455,Global Assurance,GB,CPA,Financial Audit,11,7,163
auditor_3456,Trust and Co,NL,ACCA,Financial Audit,1,35,58
auditor_3457,Global Assurance,FI,State Authorised,Financial Audit,6,21,74
auditor_3458,Nordic Audit Partners,GB,CISA,Financial Audit,8,23,196
auditor_3459,Prime Advisory,DK,CPA,Financial Audit,11,16,108
auditor_3460,North Continental,IT,CPA,Financial Audit,19,27,46
auditor_3461,Copenhagen Review,GB,ACCA,Tax,8,14,109
auditor_3462,North Continental,IT,State Authorised,Internal Control,1,13,264
auditor_3463,North Continental,FR,None,Financial Audit,10,1,217
auditor_3464,Atlas Audit,NL,State Authorised,Financial Audit,13,14,177
auditor_3465,Trust and Co,GB,None,Sustainability,3,13,239
auditor_3466,Capital Assurance,DK,ACCA,Financial Audit,6,1,114
auditor_3467,Nordic Audit Partners,FR,ACCA,Sustainability,7,29,121
auditor_3468,Prime Advisory,GB,State Authorised,IT Audit,5,28,129
auditor_3469,Prime Advisory,GB,ACCA,Financial Audit,4,29,135
auditor_3470,North Continental,FR,None,IT Audit,8,19,34
auditor_3471,Capital Assurance,NL,CIA,Financial Audit,5,18,104
auditor_3472,Atlas Audit,FI,State Authorised,Tax,14,20,188
auditor_3473,Copenhagen Review,FI,None,Tax,8,28,151
auditor_3474,Copenhagen Review,NL,None,IT Audit,8,17,43
auditor_3475,Seaside Audit,NL,CPA,Financial Audit,10,17,79
auditor_3476,Trust and Co,FR,State Authorised,Forensics,13,5,86
auditor_3477,Integrity Audit,IT,ACCA,Financial Audit,13,21,116
auditor_3478,Capital Assurance,ES,None,Forensics,9,19,0
auditor_3479,Atlas Audit,GB,State Authorised,Financial Audit,6,34,67
auditor_3480,Prime Advisory,GB,CPA,Financial Audit,6,12,113
auditor_3481,Copenhagen Review,NO,CPA,IT Audit,5,22,135
auditor_3482,Prime Advisory,NO,ACCA,IT Audit,11,7,92
auditor_3483,Trust and Co,FR,State Authorised,Internal Control,6,22,56
auditor_3484,Copenhagen Review,ES,CIA,Sustainability,12,29,40
auditor_3485,Global Assurance,SE,State Authorised,Financial Audit,5,12,330
auditor_3486,Nordic Audit Partners,NL,None,Financial Audit,5,34,18
auditor_3487,Capital Assurance,FI,CIA,Internal Control,3,11,52
auditor_3488,Integrity Audit,SE,ACCA,Sustainability,6,10,54
auditor_3489,Copenhagen Review,FR,ACCA,Forensics,13,30,195
auditor_3490,Integrity Audit,DE,State Authorised,IT Audit,10,18,80
auditor_3491,Trust and Co,NO,ACCA,IT Audit,3,21,26
auditor_3492,Copenhagen Review,GB,State Authorised,IT Audit,3,29,272
auditor_3493,North Continental,DE,CIA,Sustainability,9,29,100
auditor_3494,Global Assurance,NO,None,Financial Audit,1,24,165
auditor_3495,Nordic Audit Partners,NO,None,IT Audit,8,15,196
auditor_3496,North Continental,NO,CISA,IT Audit,3,10,39
auditor_3497,Capital Assurance,FR,CPA,Financial Audit,8,7,65
auditor_3498,Nordic Audit Partners,FR,None,IT Audit,4,15,1
auditor_3499,Capital Assurance,SE,None,Financial Audit,8,30,130
auditor_3500,Trust and Co,IT,State Authorised,Financial Audit,15,31,182
auditor_3501,Trust and Co,SE,None,Tax,8,18,181
auditor_3502,Prime Advisory,NL,State Authorised,Tax,6,1,159
auditor_3503,Global Assurance,NL,CPA,Tax,2,8,120
auditor_3504,Nordic Audit Partners,IT,None,Financial Audit,7,3,133
auditor_3505,Trust and Co,NL,None,Financial Audit,12,6,221
auditor_3506,Integrity Audit,ES,None,Financial Audit,0,39,87
auditor_3507,Capital Assurance,NO,State Authorised,Financial Audit,8,1,115
auditor_3508,Integrity Audit,DE,ACCA,Financial Audit,9,17,74
auditor_3509,Nordic Audit Partners,DE,CIA,Tax,3,29,122
auditor_3510,North Continental,SE,State Authorised,Financial Audit,15,12,85
auditor_3511,Copenhagen Review,DK,CIA,Financial Audit,12,1,22
auditor_3512,Seaside Audit,FI,None,Financial Audit,13,6,0
auditor_3513,Nordic Audit Partners,DE,CIA,Financial Audit,17,4,134
auditor_3514,Atlas Audit,GB,ACCA,Financial Audit,8,1,98
auditor_3515,Capital Assurance,DE,CPA,IT Audit,10,21,192
auditor_3516,Integrity Audit,SE,None,Sustainability,6,25,64
auditor_3517,Global Assurance,NL,None,Sustainability,0,5,3
auditor_3518,Nordic Audit Partners,NO,CISA,Financial Audit,13,2,141
auditor_3519,Global Assurance,NO,ACCA,Financial Audit,6,16,229
auditor_3520,Prime Advisory,SE,None,Financial Audit,5,24,123
auditor_3521,Nordic Audit Partners,NL,None,IT Audit,7,40,4
auditor_3522,Trust and Co,IT,CPA,Sustainability,14,24,81
auditor_3523,North Continental,NL,CISA,Financial Audit,16,1,78
auditor_3524,Global Assurance,DK,CIA,Financial Audit,1,22,30
auditor_3525,Global Assurance,NO,State Authorised,Internal Control,10,16,81
auditor_3526,Nordic Audit Partners,GB,CISA,Financial Audit,9,15,32
auditor_3527,Nordic Audit Partners,SE,ACCA,IT Audit,22,13,0
auditor_3528,Prime Advisory,FR,CISA,Forensics,3,5,186
auditor_3529,North Continental,IT,CIA,IT Audit,9,21,90
auditor_3530,Copenhagen Review,DK,ACCA,IT Audit,6,14,113
auditor_3531,Global Assurance,NO,None,Financial Audit,12,21,160
auditor_3532,Atlas Audit,IT,None,Forensics,10,26,143
auditor_3533,Global Assurance,FI,State Authorised,Financial Audit,9,29,66
auditor_3534,Prime Advisory,NO,ACCA,Tax,3,6,134
auditor_3535,Integrity Audit,IT,ACCA,Forensics,0,22,111
auditor_3536,Prime Advisory,GB,State Authorised,Financial Audit,13,11,103
auditor_3537,Prime Advisory,ES,State Authorised,Sustainability,13,31,65
auditor_3538,Integrity Audit,DE,CISA,Financial Audit,8,20,149
auditor_3539,Global Assurance,FR,State Authorised,Tax,6,30,0
auditor_3540,Copenhagen Review,GB,State Authorised,Tax,5,22,156
auditor_3541,North Continental,DK,None,Forensics,14,29,97
auditor_3542,Capital Assurance,IT,CISA,Sustainability,14,10,194
auditor_3543,Copenhagen Review,SE,CPA,Tax,17,30,128
auditor_3544,Capital Assurance,FR,ACCA,Tax,6,2,144
auditor_3545,Capital Assurance,FR,State Authorised,IT Audit,2,10,24
auditor_3546,Atlas Audit,FI,State Authorised,Financial Audit,5,17,141
auditor_3547,Capital Assurance,GB,ACCA,IT Audit,4,28,103
auditor_3548,Seaside Audit,FR,None,IT Audit,4,20,277
auditor_3549,Trust and Co,NO,CIA,Financial Audit,9,14,0
auditor_3550,Nordic Audit Partners,NO,CISA,Financial Audit,6,20,88
auditor_3551,Trust and Co,GB,ACCA,Financial Audit,0,9,236
auditor_3552,Trust and Co,NO,CPA,Financial Audit,15,9,173
auditor_3553,Global Assurance,DK,ACCA,Financial Audit,2,32,139
auditor_3554,Capital Assurance,FI,State Authorised,Financial Audit,12,1,174
auditor_3555,Integrity Audit,ES,State Authorised,Financial Audit,7,26,193
auditor_3556,Copenhagen Review,FR,ACCA,Internal Control,8,11,182
auditor_3557,Trust and Co,FR,None,Financial Audit,7,9,46
auditor_3558,Global Assurance,SE,None,Forensics,0,12,208
auditor_3559,Copenhagen Review,DE,State Authorised,IT Audit,8,12,184
auditor_3560,North Continental,FI,ACCA,Financial Audit,3,18,105
auditor_3561,Integrity Audit,NO,State Authorised,Financial Audit,11,2,51
auditor_3562,Copenhagen Review,GB,CPA,IT Audit,0,15,216
auditor_3563,Atlas Audit,DE,State Authorised,Financial Audit,5,12,189
auditor_3564,Trust and Co,NL,CPA,IT Audit,13,17,174
auditor_3565,Nordic Audit Partners,FR,ACCA,Financial Audit,2,31,291
auditor_3566,Capital Assurance,FI,None,Sustainability,10,1,75
auditor_3567,North Continental,DE,CPA,IT Audit,11,13,221
auditor_3568,Capital Assurance,FI,None,Internal Control,10,10,122
auditor_3569,Copenhagen Review,FI,CIA,IT Audit,3,16,75
auditor_3570,Prime Advisory,FR,CPA,Sustainability,13,39,5
auditor_3571,Capital Assurance,ES,None,Financial Audit,0,15,0
auditor_3572,Trust and Co,IT,State Authorised,IT Audit,8,25,239
auditor_3573,North Continental,IT,None,Internal Control,9,16,0
auditor_3574,Integrity Audit,SE,ACCA,Tax,8,18,171
auditor_3575,Integrity Audit,NO,ACCA,Tax,4,13,1
auditor_3576,North Continental,FI,State Authorised,Financial Audit,0,6,0
auditor_3577,Capital Assurance,IT,ACCA,Financial Audit,9,12,76
auditor_3578,Integrity Audit,NL,ACCA,Financial Audit,3,1,240
auditor_3579,Atlas Audit,FI,CISA,Forensics,2,13,3
auditor_3580,Copenhagen Review,IT,State Authorised,Tax,12,19,53
auditor_3581,Prime Advisory,ES,CISA,Financial Audit,6,34,114
auditor_3582,Seaside Audit,GB,CIA,Sustainability,7,8,0
auditor_3583,Integrity Audit,DE,State Authorised,Financial Audit,7,21,207
auditor_3584,Nordic Audit Partners,GB,State Authorised,IT Audit,0,6,73
auditor_3585,Trust and Co,FR,CPA,IT Audit,7,16,110
auditor_3586,Copenhagen Review,FR,CISA,Financial Audit,10,8,194
auditor_3587,Integrity Audit,FR,State Authorised,Forensics,10,14,248
auditor_3588,North Continental,DE,State Authorised,Financial Audit,15,27,0
auditor_3589,Nordic Audit Partners,SE,State Authorised,Financial Audit,15,25,280
auditor_3590,North Continental,NL,State Authorised,Tax,14,33,190
auditor_3591,Seaside Audit,ES,State Authorised,Financial Audit,14,37,137
auditor_3592,Capital Assurance,GB,State Authorised,IT Audit,0,14,151
auditor_3593,Nordic Audit Partners,DE,State Authorised,Tax,8,5,0
auditor_3594,Nordic Audit Partners,ES,State Authorised,Tax,4,26,246
auditor_3595,Trust and Co,FR,State Authorised,Financial Audit,12,28,113
auditor_3596,Trust and Co,SE,CPA,Internal Control,0,13,99
auditor_3597,Prime Advisory,SE,CISA,Internal Control,5,18,155
auditor_3598,Capital Assurance,SE,ACCA,Tax,12,15,0
auditor_3599,North Continental,GB,CPA,IT Audit,5,18,217
auditor_3600,Seaside Audit,NO,CPA,Financial Audit,5,23,143
auditor_3601,Prime Advisory,FR,State Authorised,Tax,8,27,67
auditor_3602,Integrity Audit,FI,State Authorised,Forensics,5,17,68
auditor_3603,Atlas Audit,DK,State Authorised,Tax,10,10,138
auditor_3604,Prime Advisory,FR,State Authorised,Financial Audit,7,20,83
auditor_3605,Prime Advisory,NO,None,Financial Audit,6,18,136
auditor_3606,Capital Assurance,NL,ACCA,Forensics,7,35,40
auditor_3607,Seaside Audit,DK,CPA,Financial Audit,7,2,149
auditor_3608,Nordic Audit Partners,GB,CPA,Financial Audit,2,15,90
auditor_3609,Copenhagen Review,DK,State Authorised,IT Audit,9,12,72
auditor_3610,Nordic Audit Partners,NL,CIA,IT Audit,15,20,75
auditor_3611,Capital Assurance,ES,None,Financial Audit,6,34,101
auditor_3612,Prime Advisory,NO,CPA,Sustainability,4,11,76
auditor_3613,Copenhagen Review,DE,State Authorised,Financial Audit,5,5,30
auditor_3614,Seaside Audit,NO,CISA,Tax,3,23,89
auditor_3615,Integrity Audit,NL,State Authorised,Sustainability,6,30,223
auditor_3616,Seaside Audit,SE,CIA,IT Audit,6,11,50
auditor_3617,North Continental,IT,None,Forensics,11,15,89
auditor_3618,Seaside Audit,FI,State Authorised,Financial Audit,3,10,145
auditor_3619,Global Assurance,FI,State Authorised,IT Audit,1,27,77
auditor_3620,Integrity Audit,FI,None,Tax,7,4,119
auditor_3621,Capital Assurance,FR,State Authorised,IT Audit,6,17,237
auditor_3622,Copenhagen Review,DE,State Authorised,Financial Audit,8,10,63
auditor_3623,Nordic Audit Partners,FI,CISA,Sustainability,10,30,142
auditor_3624,Prime Advisory,FR,None,Financial Audit,11,24,233
auditor_3625,Capital Assurance,FR,None,IT Audit,0,24,198
auditor_3626,Trust and Co,FR,ACCA,IT Audit,1,9,51
auditor_3627,Prime Advisory,SE,CPA,Sustainability,4,13,139
auditor_3628,Nordic Audit Partners,IT,State Authorised,Financial Audit,12,28,52
auditor_3629,Integrity Audit,DK,State Authorised,Financial Audit,3,31,171
auditor_3630,Copenhagen Review,NO,State Authorised,Financial Audit,8,22,117
auditor_3631,Prime Advisory,GB,CIA,Financial Audit,10,14,141
auditor_3632,Integrity Audit,GB,CIA,Financial Audit,0,11,65
auditor_3633,Nordic Audit Partners,SE,State Authorised,Financial Audit,6,8,77
auditor_3634,Prime Advisory,SE,None,Tax,0,23,113
auditor_3635,Nordic Audit Partners,FR,State Authorised,Financial Audit,0,9,146
auditor_3636,Prime Advisory,FR,None,IT Audit,5,11,114
auditor_3637,Atlas Audit,DE,State Authorised,Forensics,9,3,164
auditor_3638,North Continental,SE,CIA,Financial Audit,3,17,117
auditor_3639,Global Assurance,GB,CIA,Financial Audit,5,7,97
auditor_3640,North Continental,GB,CISA,Financial Audit,16,4,255
auditor_3641,Nordic Audit Partners,IT,None,Forensics,6,18,33
auditor_3642,Integrity Audit,DE,CIA,Financial Audit,4,12,36
auditor_3643,Integrity Audit,DK,CIA,Internal Control,6,13,268
auditor_3644,Prime Advisory,FI,CIA,Tax,2,19,139
auditor_3645,Nordic Audit Partners,IT,CISA,Financial Audit,2,24,88
auditor_3646,North Continental,FI,CIA,Tax,0,24,30
auditor_3647,Integrity Audit,NL,State Authorised,Financial Audit,2,24,92
auditor_3648,North Continental,ES,State Authorised,Forensics,12,30,68
auditor_3649,Capital Assurance,ES,CPA,Financial Audit,11,10,298
auditor_3650,Capital Assurance,GB,State Authorised,Financial Audit,4,28,187
auditor_3651,North Continental,NL,CISA,Financial Audit,9,11,107
auditor_3652,North Continental,ES,ACCA,Internal Control,0,20,147
auditor_3653,Global Assurance,IT,State Authorised,Financial Audit,8,1,18
auditor_3654,Capital Assurance,FR,ACCA,IT Audit,4,20,143
auditor_3655,Trust and Co,DK,State Authorised,Sustainability,7,24,37
auditor_3656,Trust and Co,IT,State Authorised,Forensics,11,22,150
auditor_3657,Trust and Co,IT,State Authorised,Tax,7,36,159
auditor_3658,Prime Advisory,GB,State Authorised,Financial Audit,3,20,180
auditor_3659,Global Assurance,ES,CPA,IT Audit,5,28,150
auditor_3660,Copenhagen Review,DK,State Authorised,IT Audit,0,20,87
auditor_3661,Trust and Co,FI,CIA,Tax,10,27,135
auditor_3662,North Continental,SE,State Authorised,Tax,16,16,169
auditor_3663,Capital Assurance,ES,None,IT Audit,12,17,182
auditor_3664,Seaside Audit,FI,CPA,Tax,5,13,15
auditor_3665,Global Assurance,FI,CPA,IT Audit,9,21,214
auditor_3666,Prime Advisory,DK,None,Internal Control,11,15,25
auditor_3667,Global Assurance,FR,State Authorised,Financial Audit,10,29,180
auditor_3668,Integrity Audit,FI,CISA,Financial Audit,13,15,82
auditor_3669,Prime Advisory,ES,CPA,Internal Control,4,17,113
auditor_3670,Prime Advisory,DK,State Authorised,Financial Audit,9,16,109
auditor_3671,Prime Advisory,NO,CISA,Forensics,4,27,126
auditor_3672,Global Assurance,DE,ACCA,Financial Audit,7,10,13
auditor_3673,Capital Assurance,GB,State Authorised,IT Audit,14,23,0
auditor_3674,Capital Assurance,GB,ACCA,Financial Audit,11,27,129
auditor_3675,Copenhagen Review,IT,None,Forensics,15,20,6
auditor_3676,Copenhagen Review,DK,CIA,Internal Control,9,20,71
auditor_3677,North Continental,NL,ACCA,Financial Audit,10,1,199
auditor_3678,North Continental,GB,CISA,Tax,3,8,110
auditor_3679,Seaside Audit,IT,CPA,Financial Audit,10,19,60
auditor_3680,North Continental,DK,ACCA,Internal Control,5,6,102
auditor_3681,Global Assurance,FR,State Authorised,Financial Audit,13,17,188
auditor_3682,Prime Advisory,SE,ACCA,Tax,15,12,105
auditor_3683,Prime Advisory,IT,None,Financial Audit,18,32,0
auditor_3684,Integrity Audit,ES,CISA,Sustainability,9,18,186
auditor_3685,Prime Advisory,IT,ACCA,Financial Audit,4,9,65
auditor_3686,Trust and Co,IT,None,Tax,5,26,25
auditor_3687,Atlas Audit,FR,State Authorised,Financial Audit,4,1,200
auditor_3688,Integrity Audit,IT,ACCA,Sustainability,14,14,96
auditor_3689,Nordic Audit Partners,DE,CPA,Forensics,10,32,152
auditor_3690,North Continental,NO,None,Financial Audit,4,1,30
auditor_3691,Trust and Co,DK,State Authorised,Financial Audit,8,11,135
auditor_3692,Global Assurance,NO,None,Financial Audit,5,7,25
auditor_3693,North Continental,FR,State Authorised,Financial Audit,15,26,258
auditor_3694,Trust and Co,GB,State Authorised,Financial Audit,10,13,225
auditor_3695,Capital Assurance,IT,CISA,Financial Audit,7,20,116
auditor_3696,North Continental,SE,State Authorised,Financial Audit,0,34,159
auditor_3697,Copenhagen Review,IT,State Authorised,IT Audit,9,17,133
auditor_3698,Seaside Audit,DK,CIA,Sustainability,5,24,15
auditor_3699,Capital Assurance,ES,State Authorised,IT Audit,8,23,104
auditor_3700,Integrity Audit,GB,CPA,Financial Audit,9,8,42
auditor_3701,Global Assurance,SE,State Authorised,Internal Control,9,24,0
auditor_3702,Capital Assurance,FR,ACCA,Sustainability,10,12,104
auditor_3703,Trust and Co,SE,State Authorised,Financial Audit,1,9,197
auditor_3704,Trust and Co,FI,ACCA,Internal Control,8,14,110
auditor_3705,Capital Assurance,ES,State Authorised,Financial Audit,10,22,113
auditor_3706,Trust and Co,IT,ACCA,IT Audit,13,27,153
auditor_3707,Prime Advisory,FI,State Authorised,Financial Audit,8,24,145
auditor_3708,Seaside Audit,DK,ACCA,IT Audit,13,26,38
auditor_3709,Nordic Audit Partners,SE,CPA,Financial Audit,2,10,198
auditor_3710,Atlas Audit,DK,State Authorised,Tax,0,21,149
auditor_3711,Capital Assurance,FI,None,Tax,13,19,12
auditor_3712,Prime Advisory,FR,ACCA,Financial Audit,3,6,76
auditor_3713,Trust and Co,GB,CPA,IT Audit,7,6,237
auditor_3714,Global Assurance,NO,CIA,Sustainability,1,31,214
auditor_3715,Trust and Co,SE,ACCA,Internal Control,12,11,147
auditor_3716,Global Assurance,IT,State Authorised,IT Audit,1,27,114
auditor_3717,Seaside Audit,NL,None,Tax,5,5,0
auditor_3718,Seaside Audit,DK,CISA,Financial Audit,2,29,87
auditor_3719,Capital Assurance,GB,State Authorised,Forensics,7,24,264
auditor_3720,Capital Assurance,GB,ACCA,Tax,14,8,0
auditor_3721,Prime Advisory,NO,ACCA,Internal Control,19,40,135
auditor_3722,Atlas Audit,GB,CPA,Tax,1,27,111
auditor_3723,Trust and Co,FI,CPA,Financial Audit,7,26,146
auditor_3724,Global Assurance,GB,CPA,Financial Audit,2,14,172
auditor_3725,Atlas Audit,SE,CIA,Tax,10,20,194
auditor_3726,Nordic Audit Partners,NL,State Authorised,Financial Audit,6,19,0
auditor_3727,Capital Assurance,DE,CISA,IT Audit,5,25,88
auditor_3728,Integrity Audit,FR,CPA,Financial Audit,5,7,200
auditor_3729,Copenhagen Review,ES,None,IT Audit,10,26,0
auditor_3730,Copenhagen Review,NO,ACCA,Financial Audit,7,15,97
auditor_3731,North Continental,NL,CPA,IT Audit,4,14,187
auditor_3732,Global Assurance,DE,CPA,Internal Control,0,35,158
auditor_3733,Integrity Audit,IT,CPA,Financial Audit,7,27,3
auditor_3734,Capital Assurance,FI,CPA,Financial Audit,4,16,229
auditor_3735,Integrity Audit,FI,CISA,IT Audit,7,22,72
auditor_3736,Seaside Audit,DE,State Authorised,Financial Audit,10,34,199
auditor_3737,Prime Advisory,IT,None,Financial Audit,7,24,166
auditor_3738,Integrity Audit,FI,CIA,Financial Audit,10,29,208
auditor_3739,Atlas Audit,ES,State Authorised,Tax,7,24,89
auditor_3740,Copenhagen Review,ES,State Authorised,Tax,3,15,113
auditor_3741,Integrity Audit,FI,State Authorised,Tax,0,26,0
auditor_3742,Capital Assurance,NO,None,Tax,21,33,99
auditor_3743,Capital Assurance,FI,ACCA,Tax,8,21,72
auditor_3744,Copenhagen Review,FR,CPA,Financial Audit,8,16,112
auditor_3745,Copenhagen Review,SE,State Authorised,Internal Control,8,4,123
auditor_3746,Atlas Audit,GB,State Authorised,Financial Audit,8,19,102
auditor_3747,Integrity Audit,FR,ACCA,Internal Control,13,14,138
auditor_3748,Copenhagen Review,DE,CPA,Financial Audit,14,17,137
auditor_3749,Integrity Audit,DK,None,IT Audit,7,30,99
auditor_3750,North Continental,IT,State Authorised,Financial Audit,14,16,51
auditor_3751,Capital Assurance,SE,State Authorised,Financial Audit,11,14,169
auditor_3752,Nordic Audit Partners,DK,CISA,Financial Audit,0,18,83
auditor_3753,Atlas Audit,ES,State Authorised,Tax,2,12,74
auditor_3754,Seaside Audit,FI,State Authorised,Forensics,7,4,145
auditor_3755,Nordic Audit Partners,DK,State Authorised,Internal Control,14,20,184
auditor_3756,Integrity Audit,DE,ACCA,Financial Audit,13,30,269
auditor_3757,Copenhagen Review,IT,CPA,Financial Audit,5,10,182
auditor_3758,Atlas Audit,NL,CISA,Financial Audit,11,25,271
auditor_3759,Atlas Audit,IT,State Authorised,Financial Audit,8,22,41
auditor_3760,Seaside Audit,FI,CPA,Financial Audit,18,14,95
auditor_3761,Trust and Co,SE,CPA,IT Audit,6,11,61
auditor_3762,Integrity Audit,FR,State Authorised,Financial Audit,5,4,57
auditor_3763,Seaside Audit,FI,State Authorised,IT Audit,17,25,194
auditor_3764,Trust and Co,FI,State Authorised,Financial Audit,13,36,0
auditor_3765,Integrity Audit,GB,CPA,IT Audit,1,9,82
auditor_3766,Seaside Audit,FR,State Authorised,Financial Audit,6,13,137
auditor_3767,Global Assurance,GB,CIA,Financial Audit,8,10,0
auditor_3768,Seaside Audit,IT,CISA,Financial Audit,3,12,100
auditor_3769,Integrity Audit,FI,None,IT Audit,2,13,29
auditor_3770,Atlas Audit,NL,State Authorised,IT Audit,7,7,52
auditor_3771,Copenhagen Review,GB,CISA,IT Audit,1,16,50
auditor_3772,Capital Assurance,NO,CIA,IT Audit,12,22,114
auditor_3773,Seaside Audit,NO,CISA,Financial Audit,4,21,175
auditor_3774,Capital Assurance,NL,ACCA,Financial Audit,8,34,156
auditor_3775,Integrity Audit,FI,ACCA,Sustainability,12,19,174
auditor_3776,Nordic Audit Partners,IT,State Authorised,Forensics,4,13,147
auditor_3777,North Continental,DK,ACCA,Financial Audit,9,23,208
auditor_3778,Seaside Audit,DK,ACCA,Tax,0,8,138
auditor_3779,Seaside Audit,SE,ACCA,Financial Audit,4,51,161
auditor_3780,Integrity Audit,NL,None,Financial Audit,7,12,81
auditor_3781,Trust and Co,NO,State Authorised,IT Audit,8,19,83
auditor_3782,Atlas Audit,IT,CPA,Financial Audit,6,31,230
auditor_3783,Nordic Audit Partners,GB,ACCA,Tax,9,4,163
auditor_3784,Global Assurance,NO,State Authorised,Forensics,15,31,178
auditor_3785,Nordic Audit Partners,DE,State Authorised,Internal Control,15,18,170
auditor_3786,North Continental,NO,State Authorised,Sustainability,4,20,226
auditor_3787,Integrity Audit,NO,State Authorised,Financial Audit,5,9,127
auditor_3788,Atlas Audit,SE,State Authorised,Financial Audit,6,24,83
auditor_3789,Nordic Audit Partners,IT,CIA,Tax,16,5,220
auditor_3790,Trust and Co,DE,CPA,Internal Control,4,1,139
auditor_3791,Trust and Co,FI,State Authorised,Internal Control,6,6,0
auditor_3792,Copenhagen Review,SE,State Authorised,Financial Audit,7,27,166
auditor_3793,Trust and Co,ES,State Authorised,IT Audit,8,22,117
auditor_3794,Capital Assurance,NO,State Authorised,Internal Control,0,3,103
auditor_3795,Prime Advisory,DK,State Authorised,Financial Audit,7,26,180
auditor_3796,Integrity Audit,ES,CISA,IT Audit,11,15,9
auditor_3797,Nordic Audit Partners,GB,State Authorised,Financial Audit,10,23,0
auditor_3798,Trust and Co,NO,State Authorised,IT Audit,3,11,129
auditor_3799,Capital Assurance,IT,CISA,IT Audit,3,17,103
auditor_3800,North Continental,NO,CIA,Tax,7,10,68
auditor_3801,Trust and Co,IT,CISA,Financial Audit,2,21,165
auditor_3802,Seaside Audit,NO,State Authorised,IT Audit,4,33,94
auditor_3803,North Continental,GB,CPA,Tax,15,11,0
auditor_3804,Atlas Audit,FR,None,Internal Control,10,20,122
auditor_3805,Capital Assurance,IT,CPA,Tax,4,17,79
auditor_3806,Seaside Audit,DE,CPA,Financial Audit,6,26,134
auditor_3807,Atlas Audit,FR,State Authorised,Financial Audit,11,15,92
auditor_3808,Global Assurance,IT,None,Tax,2,14,0
auditor_3809,Global Assurance,IT,None,Financial Audit,5,17,165
auditor_3810,Integrity Audit,NL,State Authorised,IT Audit,6,21,0
auditor_3811,Nordic Audit Partners,FI,ACCA,Forensics,7,1,23
auditor_3812,Trust and Co,FR,None,Tax,7,30,149
auditor_3813,Trust and Co,DE,ACCA,Financial Audit,8,17,62
auditor_3814,Prime Advisory,FR,State Authorised,Financial Audit,5,22,9
auditor_3815,North Continental,NL,None,IT Audit,10,14,186
auditor_3816,Seaside Audit,DK,State Authorised,Financial Audit,12,1,73
auditor_3817,Global Assurance,DE,ACCA,Financial Audit,3,1,37
auditor_3818,Seaside Audit,GB,State Authorised,Financial Audit,20,24,273
auditor_3819,Atlas Audit,ES,ACCA,Internal Control,12,10,89
auditor_3820,North Continental,SE,ACCA,Financial Audit,10,22,73
auditor_3821,Atlas Audit,NO,State Authorised,Financial Audit,0,50,108
auditor_3822,Atlas Audit,DE,State Authorised,IT Audit,6,19,100
auditor_3823,Atlas Audit,NL,State Authorised,Financial Audit,8,30,110
auditor_3824,Copenhagen Review,FR,State Authorised,Financial Audit,2,16,82
auditor_3825,Capital Assurance,DK,CISA,IT Audit,15,29,128
auditor_3826,North Continental,FR,ACCA,IT Audit,1,5,121
auditor_3827,Atlas Audit,IT,CPA,Internal Control,9,14,81
auditor_3828,Trust and Co,GB,State Authorised,Tax,5,17,0
auditor_3829,Integrity Audit,NO,State Authorised,Sustainability,2,11,216
auditor_3830,Global Assurance,IT,ACCA,Financial Audit,3,19,138
auditor_3831,Nordic Audit Partners,DK,State Authorised,Internal Control,14,30,115
auditor_3832,Prime Advisory,GB,CPA,Financial Audit,5,11,100
auditor_3833,Trust and Co,GB,CPA,Financial Audit,5,23,153
auditor_3834,Prime Advisory,DK,None,Financial Audit,10,30,269
auditor_3835,Nordic Audit Partners,DE,CIA,Tax,8,28,91
auditor_3836,Prime Advisory,FR,None,Financial Audit,13,28,200
auditor_3837,North Continental,SE,State Authorised,IT Audit,8,11,8
auditor_3838,Capital Assurance,IT,CIA,Financial Audit,7,33,95
auditor_3839,North Continental,DE,CPA,IT Audit,11,26,97
auditor_3840,Capital Assurance,NL,CPA,Forensics,14,1,22
auditor_3841,Copenhagen Review,ES,CIA,Tax,3,9,146
auditor_3842,Prime Advisory,FI,CISA,Financial Audit,9,21,167
auditor_3843,Integrity Audit,NL,None,Financial Audit,3,5,151
auditor_3844,Seaside Audit,DK,None,Financial Audit,4,2,197
auditor_3845,Integrity Audit,SE,CISA,IT Audit,14,33,134
auditor_3846,Prime Advisory,FI,ACCA,Financial Audit,11,31,68
auditor_3847,Global Assurance,ES,CPA,Financial Audit,13,20,193
auditor_3848,Seaside Audit,GB,CPA,Financial Audit,8,30,137
auditor_3849,Prime Advisory,NO,CPA,Internal Control,0,32,44
auditor_3850,Global Assurance,NL,None,Financial Audit,14,17,214
auditor_3851,Seaside Audit,GB,State Authorised,IT Audit,13,22,160
auditor_3852,Nordic Audit Partners,NL,None,Financial Audit,10,1,129
auditor_3853,Prime Advisory,FR,None,IT Audit,2,19,28
auditor_3854,Seaside Audit,IT,State Authorised,Financial Audit,2,34,205
auditor_3855,Prime Advisory,DE,State Authorised,Tax,7,19,100
auditor_3856,Capital Assurance,NO,CPA,IT Audit,10,11,199
auditor_3857,Global Assurance,SE,State Authorised,Tax,6,13,121
auditor_3858,Nordic Audit Partners,NO,CPA,IT Audit,5,21,77
auditor_3859,Global Assurance,NO,None,Financial Audit,10,30,62
auditor_3860,Trust and Co,DK,State Authorised,Internal Control,7,22,85
auditor_3861,Capital Assurance,NL,CIA,Financial Audit,10,23,206
auditor_3862,Trust and Co,DE,State Authorised,Financial Audit,4,8,95
auditor_3863,Copenhagen Review,SE,None,IT Audit,3,23,27
auditor_3864,Prime Advisory,NO,None,Tax,19,30,121
auditor_3865,North Continental,SE,State Authorised,Financial Audit,12,1,321
auditor_3866,Atlas Audit,SE,CISA,Financial Audit,5,16,0
auditor_3867,Global Assurance,FR,CPA,Financial Audit,10,6,128
auditor_3868,Atlas Audit,SE,ACCA,Financial Audit,5,7,55
auditor_3869,Integrity Audit,DK,ACCA,Financial Audit,9,5,60
auditor_3870,Trust and Co,FR,CISA,Financial Audit,11,44,158
auditor_3871,Atlas Audit,DE,State Authorised,Forensics,3,14,122
auditor_3872,Seaside Audit,GB,CISA,Financial Audit,6,27,137
auditor_3873,Integrity Audit,NL,State Authorised,IT Audit,12,14,226
auditor_3874,Trust and Co,DK,State Authorised,IT Audit,7,8,294
auditor_3875,Global Assurance,NO,State Authorised,Financial Audit,0,10,69
auditor_3876,Trust and Co,SE,State Authorised,Financial Audit,20,36,239
auditor_3877,Capital Assurance,IT,State Authorised,IT Audit,6,42,149
auditor_3878,Seaside Audit,SE,None,Forensics,12,19,116
auditor_3879,Atlas Audit,IT,State Authorised,Forensics,6,15,168
auditor_3880,North Continental,DK,ACCA,Financial Audit,9,17,240
auditor_3881,Capital Assurance,SE,State Authorised,Tax,0,23,177
auditor_3882,Integrity Audit,GB,State Authorised,IT Audit,13,17,136
auditor_3883,Seaside Audit,NL,ACCA,Tax,12,32,95
auditor_3884,Seaside Audit,NL,None,Tax,9,34,0
auditor_3885,Trust and Co,DK,None,Financial Audit,4,32,207
auditor_3886,Integrity Audit,GB,State Authorised,Sustainability,10,13,49
auditor_3887,Capital Assurance,NO,State Authorised,Financial Audit,5,33,69
auditor_3888,Atlas Audit,IT,ACCA,Financial Audit,8,10,187
auditor_3889,Prime Advisory,NO,ACCA,Tax,5,17,0
auditor_3890,Capital Assurance,NL,CISA,Financial Audit,0,18,13
auditor_3891,Nordic Audit Partners,SE,ACCA,Tax,18,1,55
auditor_3892,Atlas Audit,FI,State Authorised,Financial Audit,8,14,31
auditor_3893,Atlas Audit,DE,CPA,Sustainability,3,8,97
auditor_3894,Copenhagen Review,IT,None,Financial Audit,17,18,214
auditor_3895,Nordic Audit Partners,FR,None,IT Audit,10,29,0
auditor_3896,Integrity Audit,ES,None,IT Audit,6,31,74
auditor_3897,Integrity Audit,NL,State Authorised,IT Audit,16,32,82
auditor_3898,Global Assurance,FR,CISA,Financial Audit,5,7,69
auditor_3899,North Continental,IT,CPA,Sustainability,1,22,3
auditor_3900,Copenhagen Review,FI,ACCA,Financial Audit,11,24,0
auditor_3901,Nordic Audit Partners,FI,CIA,IT Audit,15,23,179
auditor_3902,Seaside Audit,DE,State Authorised,Financial Audit,4,24,210
auditor_3903,Prime Advisory,FR,State Authorised,Financial Audit,7,38,123
auditor_3904,Nordic Audit Partners,SE,CISA,Financial Audit,13,20,166
auditor_3905,Atlas Audit,GB,State Authorised,Sustainability,0,21,61
auditor_3906,Integrity Audit,IT,CIA,IT Audit,3,35,102
auditor_3907,Copenhagen Review,FI,CPA,IT Audit,2,14,15
auditor_3908,Global Assurance,FI,None,Financial Audit,15,11,162
auditor_3909,Capital Assurance,NO,CPA,Financial Audit,14,12,162
auditor_3910,Seaside Audit,SE,State Authorised,Financial Audit,2,42,194
auditor_3911,North Continental,DK,State Authorised,Internal Control,7,10,110
auditor_3912,Integrity Audit,NO,CIA,Forensics,6,37,21
auditor_3913,Seaside Audit,NO,None,Financial Audit,8,17,110
auditor_3914,Trust and Co,NL,State Authorised,Internal Control,7,16,189
auditor_3915,Integrity Audit,ES,CIA,Forensics,11,22,0
auditor_3916,Global Assurance,NO,None,Sustainability,9,1,171
auditor_3917,Nordic Audit Partners,FI,State Authorised,Tax,15,8,99
auditor_3918,Integrity Audit,NO,State Authorised,IT Audit,5,30,127
auditor_3919,Global Assurance,ES,CISA,Tax,16,22,139
auditor_3920,North Continental,ES,State Authorised,Forensics,8,26,0
auditor_3921,Integrity Audit,SE,ACCA,Financial Audit,8,17,178
auditor_3922,Trust and Co,GB,CISA,IT Audit,7,7,120
auditor_3923,Integrity Audit,DK,None,IT Audit,2,1,178
auditor_3924,Global Assurance,SE,State Authorised,Financial Audit,10,22,224
auditor_3925,Atlas Audit,ES,State Authorised,Internal Control,4,3,114
auditor_3926,Capital Assurance,DK,State Authorised,Financial Audit,6,9,113
auditor_3927,Seaside Audit,SE,CISA,Tax,4,1,84
auditor_3928,Seaside Audit,FI,State Authorised,IT Audit,2,20,67
auditor_3929,North Continental,IT,CIA,Financial Audit,13,34,174
auditor_3930,Prime Advisory,FR,CPA,IT Audit,0,33,246
auditor_3931,Capital Assurance,NL,State Authorised,Financial Audit,8,31,75
auditor_3932,North Continental,FI,State Authorised,Financial Audit,0,10,258
auditor_3933,Capital Assurance,NL,ACCA,Tax,0,17,122
auditor_3934,Capital Assurance,FR,State Authorised,Tax,5,13,125
auditor_3935,Copenhagen Review,ES,CPA,Financial Audit,5,3,137
auditor_3936,Trust and Co,FR,ACCA,Internal Control,13,26,55
auditor_3937,Capital Assurance,SE,CPA,Financial Audit,1,15,245
auditor_3938,Capital Assurance,FI,State Authorised,Tax,11,25,191
auditor_3939,Integrity Audit,DK,None,Financial Audit,10,19,172
auditor_3940,Integrity Audit,NO,CIA,Tax,5,3,177
auditor_3941,Trust and Co,DE,State Authorised,Financial Audit,14,6,185
auditor_3942,Global Assurance,ES,ACCA,IT Audit,16,17,54
auditor_3943,Integrity Audit,GB,State Authorised,Internal Control,8,12,70
auditor_3944,Capital Assurance,NO,CIA,Sustainability,10,1,4
auditor_3945,Atlas Audit,IT,CPA,Financial Audit,8,17,147
auditor_3946,Global Assurance,SE,None,Tax,17,19,167
auditor_3947,Capital Assurance,SE,State Authorised,Financial Audit,3,25,77
auditor_3948,Global Assurance,FI,State Authorised,Financial Audit,8,16,202
auditor_3949,Atlas Audit,ES,None,Financial Audit,1,1,102
auditor_3950,Atlas Audit,IT,None,IT Audit,10,19,218
auditor_3951,Atlas Audit,DE,State Authorised,Financial Audit,10,12,0
auditor_3952,Nordic Audit Partners,DE,None,Financial Audit,6,28,88
auditor_3953,Capital Assurance,DE,CIA,Financial Audit,8,22,38
auditor_3954,Global Assurance,IT,State Authorised,Sustainability,11,34,106
auditor_3955,Nordic Audit Partners,FR,CISA,Financial Audit,2,17,0
auditor_3956,Global Assurance,DE,State Authorised,Internal Control,9,22,254
auditor_3957,Prime Advisory,SE,State Authorised,Financial Audit,7,22,51
auditor_3958,Copenhagen Review,SE,CPA,Financial Audit,6,2,104
auditor_3959,Prime Advisory,NO,State Authorised,Internal Control,6,20,70
auditor_3960,Atlas Audit,FI,None,Financial Audit,8,14,93
auditor_3961,Atlas Audit,DE,CPA,Tax,8,18,180
auditor_3962,Prime Advisory,FR,CPA,Financial Audit,7,14,105
auditor_3963,Prime Advisory,IT,CIA,Financial Audit,4,14,282
auditor_3964,Atlas Audit,DE,State Authorised,Financial Audit,3,15,89
auditor_3965,Copenhagen Review,GB,None,Financial Audit,6,14,142
auditor_3966,Prime Advisory,IT,None,Financial Audit,0,28,170
auditor_3967,Seaside Audit,DE,CPA,IT Audit,1,1,41
auditor_3968,Global Assurance,GB,CPA,Tax,6,43,163
auditor_3969,Trust and Co,IT,State Authorised,Forensics,0,11,115
auditor_3970,Global Assurance,FI,State Authorised,Financial Audit,9,4,109
auditor_3971,Prime Advisory,DK,CIA,Forensics,4,6,140
auditor_3972,Trust and Co,FI,State Authorised,Financial Audit,11,26,165
auditor_3973,Nordic Audit Partners,FI,CIA,Tax,5,25,144
auditor_3974,Nordic Audit Partners,GB,State Authorised,Financial Audit,8,11,80
auditor_3975,Trust and Co,NO,CIA,Tax,8,42,144
auditor_3976,Capital Assurance,NL,None,Financial Audit,4,9,80
auditor_3977,Atlas Audit,DE,ACCA,Financial Audit,18,14,192
auditor_3978,Trust and Co,FI,ACCA,Financial Audit,6,20,183
auditor_3979,Prime Advisory,FR,ACCA,Financial Audit,5,11,252
auditor_3980,Nordic Audit Partners,DE,State Authorised,IT Audit,12,25,182
auditor_3981,Nordic Audit Partners,DK,CIA,IT Audit,10,38,123
auditor_3982,Prime Advisory,GB,State Authorised,Financial Audit,10,3,54
auditor_3983,Integrity Audit,DE,State Authorised,Tax,1,30,0
auditor_3984,North Continental,ES,State Authorised,IT Audit,5,1,53
auditor_3985,Integrity Audit,FI,ACCA,Forensics,5,31,151
auditor_3986,Integrity Audit,FR,None,Financial Audit,3,28,121
auditor_3987,North Continental,FI,ACCA,Financial Audit,8,5,40
auditor_3988,Prime Advisory,FR,ACCA,Internal Control,3,18,126
auditor_3989,Atlas Audit,ES,CPA,Financial Audit,15,21,0
auditor_3990,Integrity Audit,NL,CPA,Forensics,9,3,42
auditor_3991,Integrity Audit,ES,CISA,Tax,3,11,9
auditor_3992,Nordic Audit Partners,SE,CPA,Sustainability,9,3,148
auditor_3993,Prime Advisory,DE,State Authorised,Financial Audit,19,4,97
auditor_3994,Atlas Audit,IT,CPA,Sustainability,0,14,171
auditor_3995,Trust and Co,FR,None,Financial Audit,11,18,191
auditor_3996,Nordic Audit Partners,NL,CISA,Tax,20,35,78
auditor_3997,Seaside Audit,IT,State Authorised,IT Audit,0,13,44
auditor_3998,Trust and Co,SE,CIA,Tax,10,6,114
auditor_3999,Seaside Audit,DE,CIA,Financial Audit,12,16,44
auditor_4000,Prime Advisory,GB,CIA,Internal Control,13,1,93
auditor_4001,Copenhagen Review,IT,ACCA,Financial Audit,7,18,134
auditor_4002,Copenhagen Review,FI,None,Financial Audit,11,17,90
auditor_4003,Capital Assurance,NL,ACCA,Financial Audit,5,11,183
auditor_4004,Capital Assurance,FR,State Authorised,Internal Control,4,26,121
auditor_4005,Nordic Audit Partners,SE,State Authorised,Sustainability,5,24,61
auditor_4006,Prime Advisory,GB,None,Financial Audit,11,20,72
auditor_4007,Seaside Audit,ES,None,Financial Audit,10,23,212
auditor_4008,Atlas Audit,FR,CIA,Financial Audit,12,22,29
auditor_4009,Prime Advisory,FI,ACCA,Financial Audit,20,3,195
auditor_4010,Nordic Audit Partners,IT,ACCA,Internal Control,10,6,110
auditor_4011,Copenhagen Review,FR,None,Financial Audit,7,31,62
auditor_4012,Prime Advisory,IT,State Authorised,Tax,6,1,258
auditor_4013,Copenhagen Review,ES,CIA,Internal Control,2,21,111
auditor_4014,Prime Advisory,DK,ACCA,Financial Audit,7,26,253
auditor_4015,Trust and Co,DK,None,IT Audit,9,24,146
